1|2014|1|i|2013-12-09 00:00:00|2013-12-13 00:00:00|09:00|13:00|Lu, Ma, Mi y Vi|4|9, 10, 11 y 13 de diciembre de 2013|6||18|10||||101|6|
2|2014|1|i|2014-01-06 00:00:00|2014-01-10 00:00:00|12:00|15:00|Lu a Vi|5|6 al 10 de enero de 2014|6||14|6||||102|3|
3|2014|1|i|2014-01-13 00:00:00|2014-01-17 00:00:00|09:00|13:00|Lu a Vi|5|13 al 17 enero de 2014|6||16|6||||103|3|
4|2014|1|i|2014-01-13 00:00:00|2014-01-17 00:00:00|15:00|19:00|Lu a Vi|5|13 al 17 de enero de 2014|6||12|8||||104|3|
5|2014|1|i|2014-01-20 00:00:00|2014-01-23 00:00:00|16:00|20:00|Lu a Ju|4|20 al 23 de enero de 2014|6||12|8||||105|3|
6|2014|1|i|2014-01-13 00:00:00|2014-01-17 00:00:00|10:00|14:00|Lu a Vi|5|13 al 17 de enero de 2014|6||20|10||||295|9|
7|2014|1|i|2014-01-13 00:00:00|2014-01-17 00:00:00|15:00|19:00|Lu, Mi y Vi|3|13, 15 y 17 de enero de 2014|6||15|8||||298|9|
8|2014|1|i|2014-01-06 00:00:00|2014-01-10 00:00:00|10:00|14:00|Lu a vi|5|6 al 10 de enero de 2014|6||18|10||||309|6|
9|2014|1|i|2014-01-20 00:00:00|2014-01-24 00:00:00|10:00|14:00|Lu a Vi|5|20 al 24 de enero de 2014|6||15|8||||310|6|
10|2014|1|i|2014-01-06 00:00:00|2014-01-10 00:00:00|16:00|20:00|Lu a Vi|5|6 al 10 enero de 2014|6||16|8||||609|9|
11|2014|1|i|2014-01-06 00:00:00|2014-01-10 00:00:00|10:00|14:00|Lu a Vi|5|6 al 10 de enero de 2014|6||20|10||||610|9|
12|2014|1|i|2014-01-13 00:00:00|2014-01-17 00:00:00|10:00|14:00|Lu a Vi|5|13 al 17 de enero de 2014|6||16|8||||611|6|
13|2014|1|i|2014-01-20 00:00:00|2014-01-24 00:00:00|09:00|14:00|Lu a Vi|5|20 al 24 de enero de 2014|6||16|8||||612|9|
14|2014|1|i|2014-01-20 00:00:00|2014-01-23 00:00:00|16:00|19:00|Lu a Ju|4|20 al 23 de enero de 2014|6||12|6||||613|6|
15|2014|1|i|2013-12-02 00:00:00|2013-12-09 00:00:00|16:00|20:00|Lu a Vi|6|2 al 9 de diciembre de 2013|6||16|8||||730|6|
16|2014|1|i|2014-01-07 00:00:00|2014-01-17 00:00:00|16:00|20:00|Ma a Vi|7|7, 8, 9, 10,13, 15 y 17 de enero de 2014|6||16|8||||732|6|
17|2014|1|s|2013-09-23 00:00:00|2013-10-25 00:00:00|16:00|18:00|Lu, Mi y Vi|15|23 de septiembre al  25 de octubre de 2013|6||15|8||||98|3|
18|2014|1|s|2013-09-28 00:00:00|2013-10-26 00:00:00|09:00|13:00|Sá|5|28 de septiembre, 5, 12, 19 y 26 de octubre de 2013|6||12|6||||99|3|
19|2014|1|s|2013-10-07 00:00:00|2013-10-18 00:00:00|10:30|13:30|Lu, Mi y Vi|6|7, 9, 11, 14, 16 y 18 de octubre de 2013|6||14|6||||100|3|
20|2014|1|s|2013-09-23 00:00:00|2013-10-07 00:00:00|17:00|19:00|Lu y Mi|5|23, 25 y 30 de septiembre, 2 y 7 de octubre de 2013|6||30|15||||205|9|
21|2014|1|s|2013-09-09 00:00:00|2013-09-13 00:00:00|12:00|16:00|Lu a Vi|5|9 al 13 de septiembre de 2013|6||12|8||||303|6|
22|2014|1|s|2013-10-03 00:00:00|2013-10-31 00:00:00|16:00|20:00|Ju|5|3, 10, 17, 24 y 31 de octubre de 2013|6||15|8||||306|6|
23|2014|1|s|2013-09-27 00:00:00|2013-10-25 00:00:00|10:00|14:00|Vi|5|27 de septiembre, 4, 11, 18 y 25 de octubre de 2013|6||15|8||||308|6|
24|2014|1|s|2013-09-28 00:00:00|2013-10-26 00:00:00|09:00|13:00|Sá|5|28 de septiembre, 5, 12, 19 y 26 de octubre de 2013|6||20|10||||570|6|
25|2014|1|s|2013-10-07 00:00:00|2013-10-23 00:00:00|17:00|19:30|Lu, Mi y Vi|8|7, 9, 11, 14, 16, 18, 21, 23 de octubre de 2013|6||20|10||||608|6|
26|2014|1|s|2013-09-17 00:00:00|2013-10-01 00:00:00|16:00|20:00|Ma y Ju|5|17, 19, 24, 26 de septiembre y 1 de octubre de 2013|6||12|6||||609|6|
27|2014|2|i|2014-06-23 00:00:00|2014-06-27 00:00:00|16:00|19:00|Lu a Vi|5|23 al 27 de junio de 2014|6||16|8||||53|3|
28|2014|2|i|2014-06-30 00:00:00|2014-07-04 00:00:00|10:00|14:00|Lu a Vi|5|30 de junio al 4 de julio de 2014|6||16|8||||104|3|
29|2014|2|i|2014-06-10 00:00:00|2014-06-13 00:00:00|10:00|14:00|Ma a Vi|4|10 al 13 de junio de 2014|6||16|8||||105|3|
30|2014|2|i|2014-06-09 00:00:00|2014-06-13 00:00:00|17:00|20:00|Lu a Vi|5|9 al 13 de junio de 2014|6||16|8||||109|3|
31|2014|2|i|2014-06-16 00:00:00|2014-06-27 00:00:00|08:00|10:00|Lu a Vi|10|16 al 27 de junio de 2014|6||16|8||||110|3|
32|2014|2|i|2014-07-28 00:00:00|2014-08-01 00:00:00|10:00|13:00|Lu a Vi|5|28 de julio al 1 de agosto de 2014|6||16|8||||111|3|
33|2014|2|i|2014-06-23 00:00:00|2014-06-27 00:00:00|16:00|20:00|Lu a Vi|5|23 al 27 de junio de 2014|6||20|8||||254|6|
34|2014|2|i|2014-06-16 00:00:00|2014-06-20 00:00:00|10:00|14:00|Lu a Vi|5|16 al 20 de junio de 2014|6||20|8||||306|6|
35|2014|2|i|2014-07-01 00:00:00|2014-07-04 00:00:00|09:00|14:00|Ma a Vi|20|1 al 4 de julio de 2014|6||20|10||||310|6|
36|2014|2|i|2014-06-16 00:00:00|2014-06-20 00:00:00|16:00|20:00|Lu a Vi|5|16 al 20 de junio de 2014|6||15|8||||313|6|
37|2014|2|i|2014-06-09 00:00:00|2014-06-13 00:00:00|10:00|14:00|Lu a Vi|5|9 al 13 de junio de 2014|6||17|9||||402|6|
38|2014|2|i|2014-06-23 00:00:00|2014-06-30 00:00:00|10:00|14:00|Lu a Lu|6|23 al 30 de junio de 2014|6||17|9||||403|6|
39|2014|2|i|2014-06-30 00:00:00|2014-07-04 00:00:00|10:00|14:00|Lu a Vi|5|30 de junio al 4 de julio de 2014|6||16|10||||606|9|
40|2014|2|i|2014-06-09 00:00:00|2014-06-13 00:00:00|16:00|20:00|Lu a Vi|5|9 al 13 de junio de 2014|6||16|10||||609|6|
41|2014|2|i|2014-06-16 00:00:00|2014-06-20 00:00:00|10:00|14:00|Lu a Vi|0|16 al 20 de junio de 2014|6||16|10||||616|9|
42|2014|2|i|2014-06-16 00:00:00|2014-06-20 00:00:00|10:00|12:00|Lu a Vi|5|16 al 20 de junio de 2014|6||10|5||||617|5|
43|2014|2|i|2014-06-23 00:00:00|2014-06-27 00:00:00|10:00|14:00|Lu a Vi|5|23 al 27 de junio de 2014|6||16|10||||618|9|
44|2014|2|i|2014-06-23 00:00:00|2014-06-27 00:00:00|16:00|19:00|Lu a Vi|5|23 al 27 de junio de 2014|6||16|10||||619|9|
45|2014|2|i|2014-06-30 00:00:00|2014-07-03 00:00:00|16:00|20:00|Lu a Ju|4|30 de junio al 3 de julio de 2014|6||14|10||||620|6|
46|2014|2|s|2014-03-22 00:00:00|2014-04-05 00:00:00|09:00|14:00|Sá|3|22, 29 de marzo y 5 de abril|6||14|7||||106|3|
47|2014|2|s|2014-03-24 00:00:00|2014-04-11 00:00:00|15:00|18:00|Lu, Mi y Vi|9|24, 26, 28 y 31 de marzo, 2, 4, 7, 9 y 11 de abril de 2014|6||12|6||||107|3|
48|2014|2|s|2014-04-21 00:00:00|2014-05-12 00:00:00|13:00|15:00|Lu, Mi y Vi|10|21, 23, 25, 28 y 30 de abril, 2, 5, 7, 9 y 12 de mayo de 2014|6||15|3||||108|3|
49|2014|2|s|2014-03-28 00:00:00|2014-05-02 00:00:00|10:00|14:00|Ju|5|28 de marzo, 4, 11, 25 de abril y 2 de mayo de 2014|6||15|8||||309|6|
50|2014|2|s|2014-03-18 00:00:00|2014-04-29 00:00:00|11:00|14:00|Ma|6|18, 25 de marzo, 1, 8, 22 y 29 de abril de 2014|6||15|8||||311|6|
51|2014|2|s|2014-03-22 00:00:00|2014-04-05 00:00:00|09:00|14:00|Sá|3|22, 29 de marzo y 5 de abril de 2014|6||15|10||||312|6|
52|2014|2|s|2014-02-25 00:00:00|2014-06-03 00:00:00|12:00|13:30|Ma|8|25 de febrero al 3 de junio de 2014|6||12|6||||410|6|
53|2014|2|s|2014-02-26 00:00:00|2014-06-04 00:00:00|12:00|13:30|Mi|8|26 de febrero al 4 de junio de 2014|6||4|2||||410|6|
54|2014|2|s|2014-04-25 00:00:00|2014-05-09 00:00:00|17:00|19:00|Mi y Vo|5|25, 30 de abril, 2, 7 y 9 de mayo de 2014|6||30|15||||529|9|
55|2014|2|s|2014-04-21 00:00:00|2014-05-02 00:00:00|17:00|20:00|Lu, Mi y Vi|6|21, 23, 25, 28, 30 de abril y 2 de mayo de 2014|6||14|8||||614|6|
56|2014|2|s|2014-05-05 00:00:00|2014-05-09 00:00:00|10:00|14:00|Lu, Mi y Vi|3|5, 7 y 9 de mayo de 2014|6||14|8||||615|6|
57|2015|1|i|2015-01-12 00:00:00|2015-01-16 00:00:00|10:00|14:00|Lu a Vi|5|12 al 16 de enero de 2015|6||16|8||||104|3|
58|2015|1|i|2014-12-08 00:00:00|2014-12-11 00:00:00|10:00|14:00|Lu a Ju|4|8 al 11 de diciembre de 2014|6||16|8||||105|3|
59|2015|1|i|2015-01-19 00:00:00|2015-01-23 00:00:00|09:00|12:00|Lu a Vi|5|19 al 23 de enero de 2015|6||16|8||||114|3|
60|2015|1|i|2015-01-12 00:00:00|2015-01-16 00:00:00|16:00|19:00|Lu a Vi|5|12 al 16 enero de 2015|6||16|8||||115|3|
61|2015|1|i|2015-01-19 00:00:00|2015-01-23 00:00:00|16:00|19:00|Lu a Vi|5|19 al 23 de enero de 2015|6||12|8||||116|3|
62|2015|1|i|2015-01-05 00:00:00|2015-01-09 00:00:00|08:00|12:00|Lu a Vi|5|5 al 9 de enero de 2015|6||16|8||||117|3|
63|2015|1|i|2015-01-19 00:00:00|2015-01-23 00:00:00|10:00|14:00|Lu a Vi|5|19 al 23 de enero de 2015|6||15|8||||254|6|
64|2015|1|i|2015-01-19 00:00:00|2015-01-23 00:00:00|10:00|14:00|Lu a Vi|5|19 al 23 de enero de 2015|6||15|8||||295|9|
65|2015|1|i|2015-01-12 00:00:00|2015-01-16 00:00:00|16:00|20:00|Lu a Vi|5|12 al 16 de enero de 2015|6||20|10||||310|9|
66|2015|1|i|2014-11-26 00:00:00|2014-12-04 00:00:00|10:00|14:00|Lu a Vi|7|26 de noviembre al 4 de diciembre de 2014|6||17|9||||404|6|
67|2015|1|i|2015-01-12 00:00:00|2015-01-16 00:00:00|09:00|14:00|Lu a Vi|5|12 al 16 de enero de 2015|6||17|9||||405|6|
68|2015|1|i|2015-01-19 00:00:00|2015-01-23 00:00:00|17:00|19:00|Lu a Vi|5|19 al 23 de enero de 2015|6||16|10||||578|6|
69|2015|1|i|2015-01-12 00:00:00|2015-01-16 00:00:00|16:00|19:00|Lu a Vi|5|12 al 16 enero de 2015|6||16|10||||597|6|
70|2015|1|i|2015-01-05 00:00:00|2015-01-09 00:00:00|10:00|14:00|Lu a Vi|5|5 al 9 de enero de 2015|6||16|10||||609|6|
71|2015|1|i|2014-12-01 00:00:00|2014-12-05 00:00:00|10:00|12:00|Lu a Vi|5|1 al 5 de diciembre de 2014|6||10|5||||617|9|
72|2015|1|i|2015-01-05 00:00:00|2015-01-09 00:00:00|16:00|19:00|Lu a Vi|5|5 al 9 de enero de 2015|6||16|10||||624|6|
73|2015|1|i|2015-01-12 00:00:00|2015-01-16 00:00:00|10:00|14:00|Lu a Vi|5|12 al 16 de enero de 2015|6||16|10||||625|9|
74|2015|1|s|2014-09-27 00:00:00|2014-10-25 00:00:00|10:00|13:00|Sa|5|27 de septiembre, 4, 11, 18 y 25 de octubre de 2014|6||16|8||||112|3|
75|2015|1|s|2014-10-15 00:00:00|2014-10-29 00:00:00|17:00|19:00|Lu y Mi|5|15, 20, 22, 27 y 29 de octubre de 2014|6||16|8||||113|3|
76|2015|1|s|2014-10-08 00:00:00|2014-10-22 00:00:00|17:00|19:00|Mi y Vi|5|8, 10, 15, 17 y 22 de octubre de 2014|6||30|15||||206|9|
77|2015|1|s|2014-10-03 00:00:00|2014-10-31 00:00:00|10:00|14:00|Vi|5|3, 10, 17, 24 y 31 de octubre de 2014|6||15|8||||313|6|
78|2015|1|s|2014-10-07 00:00:00|2014-11-04 00:00:00|10:00|14:00|Ma|5|7, 14, 21, 28 de octubre y 4 de noviembre de 2014|6||12|7||||314|6|
79|2015|1|s|2014-09-29 00:00:00|2014-10-03 00:00:00|12:00|15:00|Lu a Vi|5|29 de septiembre al 3 de octubre de 2014|6||20|10||||315|6|
80|2015|1|s|2014-08-12 00:00:00|2014-11-18 00:00:00|13:00|14:00||0|12 de agosto al 18 de noviembre de 2014|6||11|5||||411|6|
81|2015|1|s|2014-09-27 00:00:00|2014-10-25 00:00:00|09:00|13:00|Sá|5|27 de septiembre, 4, 11, 18 y 25 de octubre de 2014|6||16|8||||621|6|
82|2015|1|s|2014-11-03 00:00:00|2014-11-07 00:00:00|10:00|14:00|Lu, Mi, Vi|3|3, 5 y 7 de noviembre de 2014|6||10|7||||622|6|
83|2015|1|s|2014-10-16 00:00:00|2014-10-30 00:00:00|16:00|20:00|Ju|3|16, 23 y 30 de octubre de 2014|6||10|7||||623|6|
84|2015|2|i|2015-06-29 00:00:00|2015-07-03 00:00:00|10:00|14:00|Lu a vi|5|29 de junio al 3 de julio de 2015|6||16|8||||104|3|
85|2015|2|i|2015-06-08 00:00:00|2015-06-12 00:00:00|10:00|14:00|Lu a vi|5|8 al 12 de junio de 2015|6||16|8||||120|3|
86|2015|2|i|2015-06-08 00:00:00|2015-06-12 00:00:00|16:00|18:00|Lu a vi|5|8 al 12 de junio de 2015|6||16|8||||121|3|
87|2015|2|i|2015-06-15 00:00:00|2015-06-19 00:00:00|14:00|17:00|Lu a vi|5|15 al 19 de junio de 2015|6||16|8||||122|3|
88|2015|2|i|2015-06-22 00:00:00|2015-06-26 00:00:00|16:00|19:00|Lu a vi|5|22 al 26 de junio de 2015|6||16|8||||123|3|
89|2015|2|i|2015-06-22 00:00:00|2015-06-26 00:00:00|10:00|12:00|Lu a vi|5|22 al 26 de junio de 2015|6||16|8||||204|3|
90|2015|2|i|2015-06-08 00:00:00|2015-06-12 00:00:00|16:00|20:00|Lu a vi|5|8 al 12 de junio de 2015|6||15|9||||309|6|
91|2015|2|i|2015-06-22 00:00:00|2015-06-26 00:00:00|16:00|20:00|Lu a vi|5|22 al 26 de junio de 2015|6||20|10||||310|6|
92|2015|2|i|2015-06-22 00:00:00|2015-06-26 00:00:00|10:00|14:00|Lu a vi|5|22 al 26 de junio de 2015|6||15|9||||318|9|
93|2015|2|i|2015-06-15 00:00:00|2015-06-19 00:00:00|09:00|14:00|Lu a vi|5|15 al 19 de junio de 2015|6||17|9||||406|6|
94|2015|2|i|2015-06-24 00:00:00|2015-06-30 00:00:00|09:00|14:00|Mi, ju, vi, lu y ma|5|24, 25, 26, 29 y 30 de junio de 2015|6||17|9||||407|6|
95|2015|2|i|2015-06-29 00:00:00|2015-07-03 00:00:00|10:00|14:00|Lu a vi|5|29 de junio al 3 de julio de 2015|6||20|10||||542|9|
96|2015|2|i|2015-07-27 00:00:00|2015-07-31 00:00:00|10:00|14:00|Lu a vi|5|27 al 31 de julio de 2015|6||20|10||||549|6|
97|2015|2|i|2015-06-08 00:00:00|2015-06-12 00:00:00|10:00|14:00|Lu a vi|5|8 al 12 de junio de 2015|6||22|10||||609|6|
98|2015|2|i|2015-06-15 00:00:00|2015-06-19 00:00:00|10:00|14:00|Lu a vi|5|15 al 19 de junio de 2015|6||20|10||||628|9|
99|2015|2|i|2015-06-15 00:00:00|2015-06-19 00:00:00|17:00|19:00|Lu a vi|5|15 al 19 de junio de 2015|6||20|10||||629|6|
100|2015|2|i|2015-06-22 00:00:00|2015-06-26 00:00:00|10:00|12:00|Lu a vi|5|22 al 26 de junio de 2015|6||20|10||||630|22|
101|2015|2|i|2015-06-22 00:00:00|2015-06-29 00:00:00|16:00|20:00|Lu a vi|5|22, 23, 24, 26 y 29 de junio de 2015|6||20|10||||631|9|
102|2015|2|s|2015-03-04 00:00:00|2015-03-25 00:00:00|16:00|18:00|Mi y vi|7|4, 6, 11, 13, 18, 20 y 25 de marzo de 2015|6||16|6||||118|3|
103|2015|2|s|2015-04-11 00:00:00|2015-04-25 00:00:00|09:00|13:00|Sá|3|Sábados 11, 18 y 25 de abril de 2015|6||16|6||||119|3|
104|2015|2|s|2015-03-17 00:00:00|2015-03-24 00:00:00|12:00|16:00|Lu a vi|6|17, 18, 19, 20, 23 y 24 de marzo de 2015|6||15|8||||246|6|
105|2015|2|s|2015-04-08 00:00:00|2015-04-29 00:00:00|16:00|20:00|Mi|4|8, 15, 22 y 29 de abril de 2015|6||15|8||||316|6|
106|2015|2|s|2015-04-11 00:00:00|2015-04-25 00:00:00|09:00|13:00|Sá|3|sábados 11, 18 y 25 de abril de 2015|6||15|8||||317|6|
107|2015|2|s|2015-02-24 00:00:00|2015-06-09 00:00:00|13:00|14:00|Ma|8|24 de febrero al 9 de junio de 2015|6||10|8||||411|6|
108|2015|2|s|2015-04-08 00:00:00|2015-04-22 00:00:00|17:00|19:00|Mi y Vi|5|8,10,15,17 y 22 de abril de 2015|6||30|10||||530|9|
109|2015|2|s|2015-05-04 00:00:00|2015-05-08 00:00:00|10:00|14:00|Lu, Mi y Vi|3|4, 6 y 8 de mayo de 2015|6||16|8||||615|6|
110|2015|2|s|2015-03-18 00:00:00|2015-03-27 00:00:00|16:00|18:00|Lu, mi y vi|5|18, 20, 23, 25 y 27 de marzo de 2015|6||20|10||||626|6|
111|2015|2|s|2015-04-07 00:00:00|2015-04-21 00:00:00|10:00|13:00|Ma y ju|5|7, 9, 14, 16 y 21 de abril de 2015|6||16|8||||627|6|
112|2015|2|s|2015-03-05 00:00:00|2015-05-14 00:00:00|16:30|18:00|Ju|10|5, 12, 19, 26 de marzo, 9, 16, 23, 30 abril, 7 y 14 de mayo de 2015|6||10|5||||742|6|
113|2016|1|i|2016-01-18 00:00:00|2016-01-22 00:00:00|10:00|14:00|Lu a vi|5|18 al 22 de enero de 2016|6||16|10||||104|3|
114|2016|1|i|2016-01-04 00:00:00|2016-01-15 00:00:00|12:00|14:00|Lu a vi|10|4 al 15 de enero de 2016|6||16|8||||110|3|
115|2016|1|i|2016-01-05 00:00:00|2016-01-08 00:00:00|10:00|12:00|Ma a vi|4|5 al 8 de enero de 2016|6||30|10||||127|51|
116|2016|1|i|2016-01-18 00:00:00|2016-01-22 00:00:00|16:00|19:00|Lu a vi|5|18 al 22 de enero de 2016|6||16|8||||128|3|
117|2016|1|i|2016-01-25 00:00:00|2016-01-29 00:00:00|10:00|14:00|Lu a vi|5|25 al 29 de enero de 2016|6||16|8||||129|3|
118|2016|1|i|2016-01-11 00:00:00|2016-01-15 00:00:00|10:00|14:00|Lu a vi|5|11 al 15 de enero de 2016|6||15|8||||310|9|
119|2016|1|i|2016-01-04 00:00:00|2016-01-08 00:00:00|16:00|20:00|Ma a ju|4|4 al 8 de enero de 2016|6||15|8||||324|6|
120|2016|1|i|2016-01-18 00:00:00|2016-01-22 00:00:00|16:00|20:00|Lu a vi|5|18 al 22 de enero de 2016|6||15|8||||325|6|
121|2016|1|i|2016-01-25 00:00:00|2016-01-29 00:00:00|16:00|20:00|Lu a vi|5|25 al 29 de enero de 2016|6||15|8||||326|9|
122|2016|1|i|2016-01-25 00:00:00|2016-01-28 00:00:00|10:00|13:00|Lu a ju|4|25 al 28 de enero de 2016|6||30|10||||446|9|
123|2016|1|i|2016-01-25 00:00:00|2016-01-29 00:00:00|16:00|19:00|Lu a vi|5|25 al 29 de enero de 2016|6||20|10||||447|6|
124|2016|1|i|2016-01-18 00:00:00|2016-01-28 00:00:00|11:00|14:00|Lu-Vi|9|18 al 28 de enero del 2016|6||17|9||||449|45|
125|2016|1|i|2016-01-18 00:00:00|2016-01-22 00:00:00|10:00|14:00|Lu a vi|5|18 al 22 de enero de 2016|6||16|10||||542|9|
126|2016|1|i|2016-01-11 00:00:00|2016-01-15 00:00:00|16:00|20:00|Lu a vi|5|11 al 15 de enero de 2016|6||16|10||||549|6|
127|2016|1|i|2016-01-04 00:00:00|2016-01-08 00:00:00|10:00|14:00|Lu a vi|5|4 al 8 de enero de 2016|6||16|10||||609|9|
128|2016|1|i|2016-01-18 00:00:00|2016-01-22 00:00:00|16:00|20:00|Lua a vi|5|18 al 22 de enero de 2016|6||20|10||||621|9|
129|2016|1|i|2016-01-11 00:00:00|2016-01-15 00:00:00|10:00|12:00|Lu a vi|5|11 al 15 de enero de 2016|6||10|8||||630|5|
130|2016|1|i|2016-01-05 00:00:00|2016-01-13 00:00:00|10:00|14:00|Ma a mi|7|5 al 13 de enero de 2016|6||20|10||||717|6|
131|2016|1|i|2016-01-18 00:00:00|2016-01-26 00:00:00|10:00|14:00|Lu a ma|7|18 al 26 de enero de 2016|6||20|10||||722|6|
132|2016|1|s|2015-09-18 00:00:00|2015-10-09 00:00:00|16:00|19:00|Vi|4|18, 25 de septiembre, 2 y 9 de octubre de 2015|6||16|6||||93|3|
133|2016|1|s|2015-09-01 00:00:00|2015-10-27 00:00:00|16:30|19:30|Ma|8|1, 8, 22 y 29 de septiembre, 6, 13, 20 y 27 de octubre de 2015|6||16|6||||124|3|
134|2016|1|s|2015-10-05 00:00:00|2015-11-09 00:00:00|10:00|12:00|Lu y mi|10|5, 7, 12, 14, 19, 21, 26, 28 de octubre, 4 y 9 de noviembre de 2015|6||16|6||||125|3|
135|2016|1|s|2015-09-09 00:00:00|2015-09-28 00:00:00|14:00|16:00|Mi y ju|2|9 al 28 de septiembre|6||16|10||||126|3|
136|2016|1|s|2015-10-14 00:00:00|2015-10-28 00:00:00|17:00|19:00|Mi y vi|5|14, 16, 21, 23 y 28 de octubre de 2015|6||30|10||||207|9|
137|2016|1|s|2015-09-10 00:00:00|2015-10-01 00:00:00|10:30|14:30|Ju|4|10,17, 24 de septiembre 1 de octubre de 2015|6||15|10||||319|9|
138|2016|1|s|2015-09-21 00:00:00|2015-09-30 00:00:00|12:00|16:00|Lu a vi|8|21, 22, 23, 24, 25, 28, 29 y 30 de septiembre de 2015|6||15|10||||320|9|
139|2016|1|s|2015-10-02 00:00:00|2015-10-30 00:00:00|10:00|14:00|Vi|5|2, 9, 16, 23 y 30 de octubre de 2015|6||15|10||||321|6|
140|2016|1|s|2015-10-08 00:00:00|2015-10-29 00:00:00|11:00|14:00|Ju|4|8, 15, 22 y 29 de octubre de 2015|6||15|10||||322|6|
141|2016|1|s|2015-10-06 00:00:00|2015-10-27 00:00:00|10:00|13:00|Ma|4|6, 13, 20 y 27 de octubre de 2015|6||15|10||||323|6|
142|2016|1|s|2015-09-28 00:00:00|2015-11-30 00:00:00|17:00|19:00|Lu|8|28 de septiembre al 30 de noviembre de 2015|6||20|16||||443|6|
143|2016|1|s|2015-11-30 00:00:00|2015-12-04 00:00:00|10:00|13:00|Lu a vi|5|30 de noviembre al 4 de diciembre de 2015|6||15|5||||444|6|
144|2016|1|s|2015-12-07 00:00:00|2015-12-11 00:00:00|10:00|13:00|Lu a vi|5|7 al 11 de diciembre de 2015|6||20|10||||445|46|
145|2016|1|s|2015-11-30 00:00:00|2015-12-04 00:00:00|10:00|14:00|Lu y vi|2|30 de noviembre y 4 de diciembre del 2015|6||16|5||||448|9|
146|2016|1|s|2015-09-21 00:00:00|2015-10-02 00:00:00|08:00|10:00|Lu a vi|10|21 de septiembre al 2 de octubre de 2015|6||20|10||||609|6|
147|2016|1|s|2015-09-17 00:00:00|2015-10-01 00:00:00|11:00|14:00|Ma y ju|5|17, 22, 24, 29 de septiembre y 1 de octubre de 2015|6||16|8||||632|6|
148|2016|1|s|2015-09-17 00:00:00|2015-11-05 00:00:00|16:00|17:00|Ju|8|17, 24 de septiembre 1, 8, 15, 22, 29 de octubre y 5 de noviembre de 2015|6||10|8||||633|9|
149|2016|1|s|2015-09-23 00:00:00|2015-10-14 00:00:00|16:00|19:00|Mi|4|23, 30 de septiembre, 7, 14 de octubre de 2015|6||16|8||||634|9|
150|2016|1|s|2015-11-09 00:00:00|2015-11-13 00:00:00|10:00|14:00|Lu, mi y vi|3|9, 11 y 13 de noviembre de 2015|6||16|8||||635|6|
151|2016|1|s|2015-08-13 00:00:00|2015-10-15 00:00:00|16:30|18:00|Ju|10|13 de agosto al 15 de octubre de 2015|6||10|5||||742|6|
152|2016|2|i|2016-06-13 00:00:00|2016-06-27 00:00:00|10:00|13:00|lu mi y vi|6|13, 15, 17, 20, 22, 24 y 27 de junio de 2016|6||16|8||||133|3|
153|2016|2|i|2016-06-13 00:00:00|2016-06-24 00:00:00|15:00|18:00|lu a vi|10|13 al 17  y del 20 al 24 de junio de 2016|6||16|10||||134|3|
154|2016|2|i|2016-06-14 00:00:00|2016-06-28 00:00:00|10:00|14:00|ma y ju|5|14,16,21,23 y 28 de junio de 2016|6||16|10||||135|3|
155|2016|2|i|2016-07-25 00:00:00|2016-07-29 00:00:00|10:00|14:00|lu a vi|5|25 al 29 de julio de 2016|6||18|10||||136|50|
156|2016|2|i|2016-07-25 00:00:00|2016-07-29 00:00:00|10:00|14:00|lu a vi|5|25 al 29 de julio del 2016|6||20|15||||310|6|
157|2016|2|i|2016-06-20 00:00:00|2016-06-23 00:00:00|16:00|20:00|lu a ju|0|20 al 23 de junio de 2016|6||15|10||||331|6|
158|2016|2|i|2016-06-27 00:00:00|2016-06-30 00:00:00|10:00|14:00|lu a ju|4|27 al 30 de junio de 2016|6||15|10||||332|6|
159|2016|2|i|2016-06-27 00:00:00|2016-06-30 00:00:00|16:00|19:00|lu a ju|4|27 al 30 de junio de 2016|6||15|10||||333|6|
160|2016|2|i|2016-07-25 00:00:00|2016-07-28 00:00:00|16:00|20:00|lu a ju|4|25 al 28 de julio de 2016|6||15|10||||334|6|
161|2016|2|i|2016-06-20 00:00:00|2016-06-24 00:00:00|10:00|14:00|lu a vi|5|20 al 24 de junio de 2016|6||25|10||||454|20|
162|2016|2|i|2016-06-04 00:00:00|2016-06-18 00:00:00|09:00|13:00|sa|3|sábados 4, 11 y 18 de junio de 2016|6||20|10||||455|6|
163|2016|2|i|2016-07-25 00:00:00|2016-07-29 00:00:00|09:00|13:00|lu a vi|5|25 al 29 de julio de 2016|6||10|5||||456|9|
164|2016|2|i|2016-06-09 00:00:00|2016-06-09 00:00:00|10:00|13:00|ju|1|jueves 9 de junio de 2016|6||45|22||||457|9|
165|2016|2|i|2016-06-20 00:00:00|2016-06-24 00:00:00|12:00|15:00|lu a vi|5|20 al 24 de junio de 2016|6||16|10||||574|21|
166|2016|2|i|2016-06-13 00:00:00|2016-06-17 00:00:00|16:00|20:00|lu a vi|5|13 al 17 de junio de 2016|6||16|10||||609|9|
167|2016|2|i|2016-06-20 00:00:00|2016-06-24 00:00:00|17:00|19:00|lu a vi|5|20 al 24 de junio de 2016|6||16|10||||630|51|
168|2016|2|i|2016-06-27 00:00:00|2016-06-30 00:00:00|16:00|20:00|lu a ju|4|27 al 30 de junio de 2016|6||16|10||||641|9|
169|2016|2|i|2016-07-25 00:00:00|2016-08-05 00:00:00|17:00|18:30|lu a vi|1|25 de julio al 5 de agosto de 2016|6||10|5||||642|3|
170|2016|2|i|2016-07-25 00:00:00|2016-07-29 00:00:00|16:00|20:00|lu a vi|5|25 al 29 de julio de 2016|6||16|10||||643|9|
171|2016|2|i|2016-06-20 00:00:00|2016-06-24 00:00:00|10:00|13:00|lu a vi|5|20 al 24 de junio de 2016|6||16|10||||644|9|
172|2016|2|i|2016-06-13 00:00:00|2016-06-21 00:00:00|10:00|14:00|lu a vi|7|13,14,15,16,17,20 y 21 de junio|6||16|10||||726|6|
173|2016|2|i|2016-07-26 00:00:00|2016-08-03 00:00:00|10:00|14:00|ma a vi y lu a mi|7|26 de julio al 3 de agosto de 2016|6||16|10||||727|3|
174|2016|2|s|2016-03-28 00:00:00|2016-04-11 00:00:00|16:00|19:00|lu,mi y vi|7|28 y 30 de Marzo. 1, 4, 6, 8 y 11 de abril de 2016|6||16|10||||130|3|
175|2016|2|s|2016-03-28 00:00:00|2016-04-08 00:00:00|11:00|14:00|lu,mi y vi|6|28 y 30 de Marzo. 1, 4, 6 y 8 de Abril|6||16|10||||131|3|
176|2016|2|s|2016-04-18 00:00:00|2016-05-04 00:00:00|11:00|14:00|lu,mi y vi|7|18, 20, 22, 25,  y 29 de abril, 2 y 4 de mayo de 2016|6||16|10||||132|3|
177|2016|2|s|2016-04-14 00:00:00|2016-05-05 00:00:00|10:00|14:00|ju|4|14,21,28 de abril y 5 de mayo de 2016|6||12|8||||319|6|
178|2016|2|s|2016-03-28 00:00:00|2016-04-01 00:00:00|12:00|16:00|lu a vi|5|28 de marzo al 1  de abril de 2016|6||15|10||||327|6|
179|2016|2|s|2016-04-08 00:00:00|2016-05-06 00:00:00|16:00|19:00|vi|5|Viernes 8, 15, 22, 29  de abril y 6 de mayo de 2016|6||12|7||||328|6|
180|2016|2|s|2016-04-13 00:00:00|2016-05-11 00:00:00|11:00|13:00|mi|5|miércoles 13, 20, 27 de abril , 4 y 11 de mayo|6||12|7||||329|6|
181|2016|2|s|2016-04-25 00:00:00|2016-05-16 00:00:00|16:00|19:00|lu|4|Lunes 25 de abril, 2, 9 y 16 de mayo de 2016|6||12|8||||330|6|
182|2016|2|s|2016-04-06 00:00:00|2016-04-27 00:00:00|16:00|19:00|mi|4|miércoles 6, 13, 20 y 27 de abril de 2016|6||30|10||||450|9|
183|2016|2|s|2016-02-11 00:00:00|2016-06-23 00:00:00|16:00|18:00|ju|10|11,25 de feb,10,31 de marzo, 14, 28 de abril, 12, 26 de mayo, 9, 23 de junio de 2016|6||10|5||||451|5|
184|2016|2|s|2016-04-08 00:00:00|2016-05-13 00:00:00|16:00|20:00|vi|6|viernes 8, 15, 22, 29 de abril y 6 y 13 de mayo|6||10|5||||452|5|
185|2016|2|s|2016-03-28 00:00:00|2016-04-05 00:00:00|16:00|20:00|lu y ma|4|Lunes y martes 28 y 29 de marzo, 4 y 5 de abril|6||20|10||||453|6|
186|2016|2|s|2016-03-28 00:00:00|2016-04-18 00:00:00|08:00|11:00|lu mi|7|28, 30 de marzo,  4,6,11,13 y  18 de abril del 2016|6||16|10||||636|6|
187|2016|2|s|2016-04-22 00:00:00|2016-05-20 00:00:00|10:00|14:00|vi|5|22, 29 de abril, 6,13 y 20 de mayo de 2016|6||16|10||||637|6|
188|2016|2|s|2016-04-20 00:00:00|2016-05-11 00:00:00|16:00|19:00|mi|4|20,27 de abril, 4 y 11 de mayo de 2016|6||16|10||||638|6|
189|2016|2|s|2016-04-08 00:00:00|2016-05-27 00:00:00|16:00|18:00|vi|8|8, 15, 22, 29 de abril, 6, 13, 20 y 27 de mayo de 2016|6||25|10||||639|9|
190|2016|2|s|2016-04-08 00:00:00|2016-05-27 00:00:00|18:00|20:00|vi|8|8, 15, 22, 29 de abril, 6, 13, 20 y 27 de mayo de 2016|6||25|10||||640|9|
191|2017|1|i|2017-01-09 00:00:00|2017-01-20 00:00:00|16:00|18:00|Lu a Vi|10|9 al 13 y del 16 al 20 de enero de 2017|6||16|8||||140|3|
192|2017|1|i|2017-01-16 00:00:00|2017-01-20 00:00:00|10:00|13:00|lu a vi|5|Del 16 al 20 de enero de 2017|6||16|8||||141|3|
193|2017|1|i|2016-12-13 00:00:00|2016-12-15 00:00:00|11:00|14:00|Ma a Ju|3|13 al 15 de diciembre de 2016|6||16|8||||142|3|
194|2017|1|i|2017-01-09 00:00:00|2017-01-13 00:00:00|10:00|14:00|lu a vi|5|Del 9 al 13 de enero de 2017|6||16|8||||143|3|
195|2017|1|i|2017-01-23 00:00:00|2017-01-27 00:00:00|16:00|20:00|lu avi|5|23 al 27 de enero de 2017|6||20|15||||310|6|
196|2017|1|i|2017-01-09 00:00:00|2017-01-13 00:00:00|10:00|14:00|lu, mi, vi|0|9, 11 y 13 de enero de 2017|6||15|10||||337|9|
197|2017|1|i|2017-01-09 00:00:00|2017-01-13 00:00:00|16:00|19:00|lu a vi|5|Del 9 al 13 de enero de 2017|6||15|12||||338|6|
198|2017|1|i|2017-01-16 00:00:00|2017-01-20 00:00:00|10:00|14:00|lu a vii|5|Del 16 al 20 de enero de 2017|6||15|12||||339|9|
199|2017|1|i|2017-01-16 00:00:00|2017-01-20 00:00:00|16:00|19:00|lu a vi|5|Del 16 al 20 de enero de 2017|6||15|10||||340|6|
200|2017|1|i|2017-01-16 00:00:00|2017-01-20 00:00:00|10:00|13:00|lu a vi|5|16 al 20 de enero de 2017|6||12|6||||444|20|
201|2017|1|i|2017-01-09 00:00:00|2017-01-13 00:00:00|09:00|12:00|lu a vi|5|Del 9 al 13 de enero de 2017|6||20|10||||461|26|
202|2017|1|i|2017-01-09 00:00:00|2017-01-12 00:00:00|16:00|17:00|lu a ju|4|9 al 12 de enero de 2017|6||20|10||||462|9|
203|2017|1|i|2017-01-23 00:00:00|2017-01-27 00:00:00|16:00|19:00|lu a vi|5|Del 23 al 27 de enero de 2017|6||20|10||||464|5|
204|2017|1|i|2017-01-23 00:00:00|2017-01-27 00:00:00|10:00|14:00|lu a vi|5|23 al 27 de enero de 2017|6||16|10||||609|9|
205|2017|1|i|2017-01-09 00:00:00|2017-01-13 00:00:00|16:00|20:00|lu a vi|5|Del 9 al 13 de enero de 2017|6||16|10||||649|9|
206|2017|1|i|2017-01-16 00:00:00|2017-01-20 00:00:00|16:00|20:00|lu a vi|5|Del 16 al 20 de enero de 2017|6||16|10||||650|9|
207|2017|1|i|2017-01-23 00:00:00|2017-01-27 00:00:00|16:00|19:00|lu a vi|5|Del 23 al 27 de enero de 2017|6||16|10||||651|9|
208|2017|1|i|2016-12-08 00:00:00|2016-12-10 00:00:00|16:00|20:00|ju vi sa|3|8 al 10 de diciembre de 2016|6||16|10||||652|8|
209|2017|1|i|2017-01-09 00:00:00|2017-01-17 00:00:00|10:00|14:00|lu a vi|7|9 al 17 de enero de 2017|6||15|10||||708|6|
210|2017|1|i|2017-01-19 00:00:00|2017-01-27 00:00:00|10:00|14:00|lu a vi|7|Del 19 al 27 de enero de 2017|6||15|10||||732|6|
211|2017|1|i|2017-01-23 00:00:00|2017-01-27 00:00:00|08:30|10:30|lu a vi|5|23 al 27 de enero de 2017|6||8|5||||743|5|
212|2017|1|s|2016-09-20 00:00:00|2016-10-27 00:00:00|11:00|13:00|ma y ju|12|20, 22, 27 y 29 de Septiembre y 4, 6, 11, 13, 18, 20, 25 y 27 de Octubre de 2016|6||16|8||||137|3|
213|2017|1|s|2016-09-26 00:00:00|2016-09-30 00:00:00|14:30|16:00|lu a vi|5|26 al 30 de Septiembre de 2016|6||30|5||||138|25|
214|2017|1|s|2016-10-04 00:00:00|2016-10-27 00:00:00|15:00|17:30|ma y ju|8|4, 6, 11, 13, 18, 20, 25 y 27 de Octubre de 2016|6||16|8||||139|3|
215|2017|1|s|2016-09-21 00:00:00|2016-10-19 00:00:00|18:00|20:00|mi|5|21 y 28 de septiembre, 5, 12 y 19 de octubre de 2016|6||30|5||||208|9|
216|2017|1|s|2016-09-08 00:00:00|2016-09-14 00:00:00|12:00|16:00|ju,vi, lu a mi|5|8 al 14 de septiembre de 2016|6||15|10||||283|6|
217|2017|1|s|2016-10-04 00:00:00|2016-10-25 00:00:00|10:00|14:00|ma|4|martes 4, 11, 18  y 25 de octubre de 2016|6||12|8||||319|6|
218|2017|1|s|2016-10-07 00:00:00|2016-11-04 00:00:00|10:00|14:00|vi|0|viernes 7, 14, 21 y 28 de octubre y 4 de noviembre de 2016|6||15|10||||335|6|
219|2017|1|s|2016-09-26 00:00:00|2016-09-30 00:00:00|16:00|20:00|lu a vi|5|26 al 30 de septiembre de 2016|6||15|10||||336|7|
220|2017|1|s|2016-09-24 00:00:00|2016-11-05 00:00:00|09:00|13:00|sa|0|24 de septiembre, 1 , 8, 15,22 y 29 de octubre y 5 de noviembre|6||16|8||||458|3|
221|2017|1|s|2016-09-30 00:00:00|2016-10-14 00:00:00|14:00|17:00|lu, mi y vie|7|30 de septiembre, octubre: 3, 5, 7, 10, 12 y 14|6||16|8||||459|3|
222|2017|1|s|2016-10-24 00:00:00|2016-10-31 00:00:00|16:00|19:00|lu, mi y vi|4|24, 26, 28 y 31 de octubre de 2016|6||16|8||||460|6|
223|2017|1|s|2016-08-11 00:00:00|2016-12-08 00:00:00|16:00|18:00|ju|10|11,25 de agosto,8,22 de septiembre,6,20 de octubre,3,17 de noviembre y 1 y 8 de dic|6||10|5||||511|5|
224|2017|1|s|2016-10-18 00:00:00|2016-10-27 00:00:00|17:00|19:00|ma ju|4|Los días 18, 20, 25 y 27 de octubre de 2016|6||6|3||||512|3|
225|2017|1|s|2016-09-22 00:00:00|2016-10-20 00:00:00|10:00|14:00|ju|0|22, 29 de septiembre, 6, 13 y 20 de octubre de 2016|6||16|10||||645|6|
226|2017|1|s|2016-10-24 00:00:00|2016-11-11 00:00:00|17:00|18:30|lu|10|24 de octubre al 11 de noviembre de 2016|6||10|5||||646|3|
227|2017|1|s|2016-10-05 00:00:00|2016-11-09 00:00:00|10:00|14:00|mi|5|5, 12, 19, 26 de octubre y 9 de noviembre de 2016|6||16|10||||647|6|
228|2017|1|s|2016-09-22 00:00:00|2016-10-27 00:00:00|16:00|19:00|ju|6|22, 29 de septiembre, 6, 13, 20 y 27 de octubre de 2016|6||16|10||||648|6|
229|2017|1|s|2016-09-22 00:00:00|2016-11-24 00:00:00|09:30|11:30|ju|10|22, 29  de septiembre, 6, 13, 20, 27 de octubre, 3, 10, 17 y 24  de noviembre de 2016|6||20|15||||746|9|
230|2017|2|i|2017-06-13 00:00:00|2017-06-22 00:00:00|09:00|14:00|ma , ju|4|13, 15, 20 y 22 de junio de 2017|6||16|8||||147|3|
231|2017|2|i|2017-06-26 00:00:00|2017-06-30 00:00:00|10:00|14:00|lu a vi|20|26 al 30 de junio de 2017|6||16|8||||148|3|
232|2017|2|i|2017-07-24 00:00:00|2017-07-28 00:00:00|16:00|20:00|lu a vi|5|24 al 28 de julio de 2017|6||16|8||||149|3|
233|2017|2|i|2017-06-19 00:00:00|2017-06-23 00:00:00|16:00|20:00|lu a vi|5|19 al 23 de junio de 2017|6||15|10||||254|6|
234|2017|2|i|2017-06-19 00:00:00|2017-06-23 00:00:00|16:00|20:00|lu a vi|5|19 al 23 de junio de 2017|6||20|10||||310|9|
235|2017|2|i|2017-07-31 00:00:00|2017-08-04 00:00:00|16:00|19:00|lu a vi|5|31 de julio, 1, 2, 3 y 4 de agosto de 2017|6||15|10||||328|6|
236|2017|2|i|2017-06-19 00:00:00|2017-06-23 00:00:00|10:00|14:00|lu mi vi|3|19, 21 y 23 de junio de 2017|6||15|10||||337|9|
237|2017|2|i|2017-06-19 00:00:00|2017-06-26 00:00:00|10:00|14:00|lu a vi|6|19, 20, 21, 22, 23 y 26 de junio de 2017|6||20|10||||385|6|
238|2017|2|i|2017-07-25 00:00:00|2017-08-02 00:00:00|10:00|14:00||0|25,26,27,28, 31 de julio, 1 y 2 de agosto de 2017|6||20|10||||388|6|
239|2017|2|i|2017-06-12 00:00:00|2017-06-23 00:00:00|09:00|14:00|lu, mi, vi|6|Del 12 al 23 de junio de 2017|6||16|8||||470|3|
240|2017|2|i|2017-06-12 00:00:00|2017-06-16 00:00:00|16:00|19:00|lu a vi|5|Del 12 al 16 de junio de 2017|6||16|8||||471|3|
241|2017|2|i|2017-06-19 00:00:00|2017-06-23 00:00:00|16:00|18:00|lu a vi|5|Del 19 al 23 de junio de 2017|6||16|8||||472|3|
242|2017|2|i|2017-06-19 00:00:00|2017-06-23 00:00:00|10:00|14:00|lu avi|5|Del 19 al 23 de junio de 2017|6||25|10||||473|21|
243|2017|2|i|2017-07-25 00:00:00|2017-08-02 00:00:00|12:00|14:00|lu a vi|0|Del 25 al 28 de julio y del 31 de julio al 2 de agosto de 2017|6||30|15||||513|9|
244|2017|2|i|2017-06-12 00:00:00|2017-06-16 00:00:00|10:00|14:00|lu a vi|5|12 al 16 de junio de 2017|6||16|10||||549|6|
245|2017|2|i|2017-06-27 00:00:00|2017-06-30 00:00:00|09:00|14:00|ma a vi|4|27 al 30 de junio de 2017|6||16|10||||609|6|
246|2017|2|i|2017-06-26 00:00:00|2017-06-30 00:00:00|09:00|11:00|lu a vi|5|26 al 30 de junio de 2017|6||30|10||||658|9|
247|2017|2|i|2017-07-24 00:00:00|2017-07-28 00:00:00|09:00|12:00|lu a vi|5|24 al 28 de julio de 2017|6||16|10||||659|9|
248|2017|2|i|2017-07-24 00:00:00|2017-07-28 00:00:00|10:00|14:00|lu a vi|5|24 al 28 de julio de 2017|6||16|10||||660|3|
249|2017|2|s|2017-02-28 00:00:00|2017-03-30 00:00:00|18:00|20:00|ma y ju|10|28 de Febrero, 2, 7, 9, 14, 16, 21, 23, 28 y 30 de Marzo de 2017.|6||16|8||||144|3|
250|2017|2|s|2017-03-02 00:00:00|2017-04-27 00:00:00|11:00|13:00|ju|8|2, 9, 16, 23 y 30 de Marzo y 6, 20 y 27 de Abril de 2017.|6||16|8||||145|3|
251|2017|2|s|2017-02-27 00:00:00|2017-04-03 00:00:00|09:00|11:00|lu y mi|10|27 de febrero, 1, 6, 8, 13, 15, 22, 27, 29 de marzo y 3 abril de 2017.|6||16|8||||146|3|
252|2017|2|s|2017-04-03 00:00:00|2017-04-07 00:00:00|12:00|16:00|lu a vi|5|3 al 7 de abril de 2017|6||12|10||||283|6|
253|2017|2|s|2017-04-20 00:00:00|2017-05-18 00:00:00|10:00|14:00|ju|5|20, 27 de abril, 4, 11 y 18 de mayo de  2017|6||12|10||||336|6|
254|2017|2|s|2017-04-18 00:00:00|2017-05-09 00:00:00|16:00|19:00|ma|5|18, 25 de abril, 2 y  9 de mayo de  2017|6||12|10||||341|6|
255|2017|2|s|2017-04-21 00:00:00|2017-05-19 00:00:00|10:00|14:00|vi|5|21, 28 de abril, 5, 12 y 19 de mayo de 2017|6||12|10||||342|7|
256|2017|2|s|2017-04-05 00:00:00|2017-04-07 00:00:00|16:00|20:00|mi a vi|3|5 al 7 de abril de 2017|6||12|10||||343|6|
257|2017|2|s|2017-02-07 00:00:00|2017-02-16 00:00:00|15:00|18:00|ma y ju|4|7, 9, 14 y 16 de febrero de 2017|6||16|8||||465|3|
258|2017|2|s|2017-02-28 00:00:00|2017-03-09 00:00:00|15:00|18:00|ma y ju|4|28 de febrero, 2, 7 y 9 de marzo de 2017|6||16|8||||466|3|
259|2017|2|s|2017-03-14 00:00:00|2017-03-30 00:00:00|14:00|16:00|ma y jue|6|14, 16, 21, 23, 28 y 30 de marzo de 2017|6||16|8||||467|3|
260|2017|2|s|2017-03-07 00:00:00|2017-03-28 00:00:00|16:00|19:00|ma|4|7, 14, 21 y 28 de marzo de 2017|6||20|10||||468|6|
261|2017|2|s|2017-03-27 00:00:00|2017-04-07 00:00:00|16:00|19:00|lu, mi y vi|6|27, 29, 31 de marzo, 3, 5 y 7 de abril de 2017|6||16|8||||469|3|
262|2017|2|s|2017-02-02 00:00:00|2017-06-15 00:00:00|16:00|18:00|ju|11|2 y 16 de febrero, 2, 16 y 30 de marzo, 6 y 20 de abril, 4 y 18 de mayo,1 y 15 de jun|6||10|5||||511|5|
263|2017|2|s|2017-04-20 00:00:00|2017-05-18 00:00:00|16:00|20:00|ju|5|20, 27 de abril, 4, 11 y 18 de mayo de 2017|6||20|15||||549|6|
264|2017|2|s|2017-04-17 00:00:00|2017-04-21 00:00:00|10:00|14:00|lu, mi y vi|3|17, 19 y 21 de abril de 2017|6||10|7||||653|6|
265|2017|2|s|2017-04-25 00:00:00|2017-05-16 00:00:00|10:00|13:00|ma y ju|7|25, 27 de abril, 2, 4, 9, 11 y 16 de mayo de 2017|6||20|15||||654|9|
266|2017|2|s|2017-04-26 00:00:00|2017-04-29 00:00:00|16:00|19:00|lu a sa|4|26, 27, 28 y 29 de abril de 2017|6||10|7||||655|9|
267|2017|2|s|2017-02-03 00:00:00|2017-05-26 00:00:00|13:00|14:00|mi y vi|20|3,10,17 y 24 de feb,3,10,15,17,24, 29,31 de mar,7,19,21,28 de ab, 3,5,12,19,26 mayo|6||8|5||||656|6|
268|2018|1|i|2018-01-09 00:00:00|2018-01-19 00:00:00|08:00|10:00|lu a vi|10|8 al 19 de enero de 2018|6||16|8||||154|3|
269|2018|1|i|2018-01-22 00:00:00|2018-01-26 00:00:00|10:00|13:00|lu a vi|5|22 al 26 de enero de 2018|6||15|8||||155|52|
270|2018|1|i|2018-01-29 00:00:00|2018-02-02 00:00:00|10:00|14:00|lu a vi|5|29 de enero al 2 de febrero de 2018|6||16|8||||156|3|
271|2018|1|i|2018-01-29 00:00:00|2018-02-02 00:00:00|16:00|20:00|lu a vi|5|29 de enero al 2 de febrero de 2018|6||15|10||||306|6|
272|2018|1|i|2018-01-08 00:00:00|2018-01-12 00:00:00|10:00|14:00|lu a vi|5|8 al 12 de enero de 2018|6||20|10||||310|9|
273|2018|1|i|2018-01-15 00:00:00|2018-01-19 00:00:00|08:00|12:00|lu a vi|5|15 al 19 de enero de 2018|6||15|10||||346|9|
274|2018|1|i|2018-01-09 00:00:00|2018-01-16 00:00:00|10:00|14:00|lu a vi|6|9 al 16 de enero de 2018|6||13|10||||347|3|
275|2018|1|i|2018-01-18 00:00:00|2018-01-25 00:00:00|10:00|14:00|lu a vi|6|18 al 25 enero de 2018|6||13|10||||393|6|
276|2018|1|i|2017-11-27 00:00:00|2017-12-08 00:00:00|09:00|14:00|lu mi y vi|6|27, 29 de noviembre, 1, 4, 6 y 8 de diciembre de 2017|6||16|8||||477|3|
277|2018|1|i|2018-01-08 00:00:00|2018-01-12 00:00:00|16:00|20:00|lu a vi|5|8 al 12 de enero de 2018|6||16|8||||478|3|
278|2018|1|i|2018-01-15 00:00:00|2018-01-19 00:00:00|10:00|13:00|lu a vi|5|15 al 19 de enero de 2018|6||20|8||||479|22|
279|2018|1|i|2018-01-15 00:00:00|2018-01-23 00:00:00|12:00|14:00|lu a vi|7|15, 16, 17, 18, 19, 22 y 23 de enero de 2018|6||30|15||||515|9|
280|2018|1|i|2018-01-29 00:00:00|2018-02-02 00:00:00|10:00|14:00|lu a vi|5|29 de enero al 2 de febrero de 2018|6||20|10||||609|6|
281|2018|1|i|2018-01-15 00:00:00|2018-01-19 00:00:00|16:00|20:00|lu a vi|5|15 al 19 de enero de 2018|6||16|10||||666|9|
282|2018|1|i|2018-01-22 00:00:00|2018-01-26 00:00:00|10:00|14:00|lu a vi|5|22 al 26 de enero de 2018|6||20|10||||667|35|
283|2018|1|i|2018-01-08 00:00:00|2018-01-16 00:00:00|16:00|20:00|lu a vi|7|8 al 16 de enero de 2018|6||12|10||||708|6|
284|2018|1|i|2018-01-18 00:00:00|2018-01-26 00:00:00|16:00|20:00|lu a vi|7|18 al 26 de enero de 2018|6||12|10||||732|6|
285|2018|1|i|2017-12-04 00:00:00|2017-12-08 00:00:00|17:00|18:30|lu|5|4 al 8 de diciembre de 2017|6||12|6||||744|6|
286|2018|1|s|2017-10-09 00:00:00|2017-10-20 00:00:00|16:00|19:00|lu, mi y vi|6|9, 11, 13, 16, 18 y 20 de octubre de 2017|6||16|8||||150|3|
287|2018|1|s|2017-10-05 00:00:00|2017-10-26 00:00:00|10:00|14:00|ju|4|5, 12, 19 y 26 de octubre de 2017|6||16|8||||151|3|
288|2018|1|s|2017-10-16 00:00:00|2017-08-30 00:00:00|09:00|12:00|lu mi vi|7|16 , 18, 20, 23, 25, 27 y 30 de octubre de 2017|6||16|8||||152|3|
289|2018|1|s|2017-09-18 00:00:00|2017-10-02 00:00:00|10:00|13:00|lu mi vi|7|17, 24, 31 de octubre, 7, 14, 21 de noviembre de 2017|6||16|8||||153|3|
290|2018|1|s|2017-10-03 00:00:00|2017-10-06 00:00:00|12:00|16:00|lu a vi|5|2, 3, 4, 5 y 6 de octubre de 2017|6||10|8||||283|9|
291|2018|1|s|2017-10-24 00:00:00|2017-11-21 00:00:00|11:30|14:30|ma|5|24 y 31 de octubre, 7, 14 y 21 de noviembre de 2017|6||12|8||||332|6|
292|2018|1|s|2017-09-22 00:00:00|2017-10-27 00:00:00|10:00|14:00|vi|5|29 de septiembre, 6, 13, 20 y 27 de octubre de 2017|6||20|10||||336|6|
293|2018|1|s|2017-08-09 00:00:00|2017-09-01 00:00:00|15:00|17:00||0|9, 11, 16, 18, 23, 25, 30 de agosto y 1º de septiembre de 2017|6||12|8||||344|9|
294|2018|1|s|2017-09-04 00:00:00|2017-09-27 00:00:00|14:00|16:00|lu|8|4, 6, 11, 13, 18, 20, 25 y 27 de septiembre de 2017|6||12|8||||345|6|
295|2018|1|s|2017-08-30 00:00:00|2017-10-04 00:00:00|17:00|18:30|mi|5|30 de agosto, 6, 13, 27 de septiembre y 4 de octubre de 2017|6||30|5||||412|9|
296|2018|1|s|2017-08-15 00:00:00|2017-09-12 00:00:00|16:00|20:00|ma|5|15, 22, 29 de agosto, 5 y 12 de septiembre de 2017|6||16|8||||474|3|
297|2018|1|s|2017-10-03 00:00:00|2017-10-17 00:00:00|13:00|15:00|ma y ju|5|3, 5, 10, 12 y 17 de octubre de 2017|6||20|10||||475|2|
298|2018|1|s|2017-09-05 00:00:00|2017-10-03 00:00:00|16:00|20:00|ma|5|5, 12, 26 de septiembre , 3 y 10 de octubre de 2017|6||20|10||||476|9|
299|2018|1|s|2017-08-09 00:00:00|2017-12-06 00:00:00|15:00|17:00|mi|10|9 y 23 de agosto, 6 y 20 de septiembre, 4 y 18 de oct, 8, 22 y 29 de nov y 6 de dic|6||10|5||||511|5|
300|2018|1|s|2017-09-20 00:00:00|2017-10-18 00:00:00|10:00|14:00|mi|5|27 de septiembre, 4, 11, 18 y 25 de octubre de 2017|6||16|10||||661|6|
301|2018|1|s|2017-10-16 00:00:00|2017-10-27 00:00:00|16:00|19:30|lu mi vi|6|16, 18, 20, 23, 25 y 27 de octubre de 2017|6||16|10||||662|6|
302|2018|1|s|2017-11-06 00:00:00|2017-11-13 00:00:00|11:00|15:00|lu mi vi|4|6, 8, 10 y 13 de noviembre de 2017|6||16|10||||663|6|
303|2018|1|s|2017-09-05 00:00:00|2017-09-19 00:00:00|10:00|13:00|ma ju|5|5, 7, 12, 14 y 19 de septiembre de 2017|6||20|10||||664|6|
304|2018|1|s|2017-09-04 00:00:00|2017-09-25 00:00:00|16:00|18:00|lu, mi y vi|7|4, 6, 8, 11, 13, 18 y 25 de septiembre de 2017|6||20|10||||665|6|
305|2018|1|s|2017-08-08 00:00:00|2017-08-29 00:00:00|16:00|20:00|lu mi|7|8 , 10, 15, 17, 22, 24 y 29 de agosto de 2017|6||14|10||||717|6|
306|2018|1|s|2017-08-31 00:00:00|2017-09-28 00:00:00|16:00|20:00|ma y ju|7|31 de agosto, 5, 7, 12, 14, 26 y 28 de septiembre de 2017|6||14|10||||722|6|
307|2018|1|s|2017-10-03 00:00:00|2017-10-24 00:00:00|16:00|20:00|ma y ju|7|3, 5, 10, 12, 17, 19 y 24 de octubre de 2017|6||14|10||||725|6|
308|2018|1|s|2017-10-19 00:00:00|2017-11-14 00:00:00|16:00|20:00|ma y ju|7|26, 31 de octubre, 7, 9 ,14, 16 y 21 de noviembre de 2017|6||14|10||||727|3|
309|2018|2|i|2018-06-18 00:00:00|2018-06-22 00:00:00|10:00|14:00|lu a vi|5|Del 18 al 22 de junio de 2018|6||16|8||||160|3|
310|2018|2|i|2018-07-23 00:00:00|2018-07-27 00:00:00|16:00|19:00|lu a vi|5|23 al 27 de Julio de 2018|6||16|8||||161|3|
311|2018|2|i|2018-07-30 00:00:00|2018-08-03 00:00:00|16:00|19:00|lu a vi|5|30 de julio al 3 de agosto de 2018|6||16|8||||162|3|
312|2018|2|i|2018-06-18 00:00:00|2018-06-22 00:00:00|10:00|14:00|lu a vi|5|18 al 22 de junio de 2018|6||20|10||||310|9|
313|2018|2|i|2018-07-23 00:00:00|2018-07-27 00:00:00|08:00|12:00|lu a vi|5|23 al 27 de julio de 2018|6||15|10||||350|9|
314|2018|2|i|2018-07-23 00:00:00|2018-07-27 00:00:00|16:00|20:00|lu a vi|5|23 al 27 de julio de 2018|6||15|10||||351|9|
315|2018|2|i|2018-06-18 00:00:00|2018-06-25 00:00:00|10:00|14:00|lu a vi|6|Del 18 al 25 de junio de 2018|6||13|10||||396|6|
316|2018|2|i|2018-07-24 00:00:00|2018-07-31 00:00:00|10:00|14:00|lu a vi|6|Del 24 al 31 de julio de 2018|6||13|10||||407|6|
317|2018|2|i|2018-06-11 00:00:00|2018-06-15 00:00:00|16:00|20:00|lu a vi|5|11 al 15 de junio del 2018|6||16|6||||483|3|
318|2018|2|i|2018-06-11 00:00:00|2018-06-15 00:00:00|16:00|20:00|lu a vi|5|Del 11 al 15 de junio del 2018|6||16|6||||484|6|
319|2018|2|i|2018-06-18 00:00:00|2018-06-22 00:00:00|10:00|14:00|lu a vi|5|18 al 22 de junio del 2018|6||15|7||||485|49|
320|2018|2|i|2018-07-23 00:00:00|2018-07-31 00:00:00|12:00|14:00|lu a vi|7|23 al 31 de julio del 2018|6||27|15||||513|9|
321|2018|2|i|2018-06-18 00:00:00|2018-06-22 00:00:00|16:00|20:00|lu a vi|5|18 al 22 de junio de 2018|6||20|15||||542|6|
322|2018|2|i|2018-07-23 00:00:00|2018-07-27 00:00:00|16:00|20:00|lu a vi|5|23 al 27 de julio de 2018|6||20|15||||609|6|
323|2018|2|i|2018-07-23 00:00:00|2018-07-27 00:00:00|10:00|14:00|lu a vi|5|23 al 27 de julio de 2018|6||16|10||||660|3|
324|2018|2|i|2018-06-18 00:00:00|2018-06-22 00:00:00|10:00|14:00|lu a vi|5|18 a 22 de junio de 2018|6||20|15||||667|35|
325|2018|2|i|2018-06-25 00:00:00|2018-06-29 00:00:00|10:00|14:00|lu a vi|5|25 al 29 de junio de 2018|6||16|8||||669|9|
326|2018|2|s|2018-04-02 00:00:00|2018-04-11 00:00:00|10:00|12:00|Lu, Mi, Vi|5|2, 4, 6, 9 y 11 de abril de 2018|6||16|8||||157|3|
327|2018|2|s|2018-04-13 00:00:00|2018-05-18 00:00:00|08:00|12:00|Vi|5|13, 20, 27 de abril, 4 y 11 de mayo de 2018|6||16|8||||158|3|
328|2018|2|s|2018-03-20 00:00:00|2018-05-22 00:00:00|10:00|13:00|Ma|7|20 de marzo, 3, 10, 17, 24 de abril, 8 y 22 de mayo de 2018|6||16|8||||159|3|
329|2018|2|s|2018-04-02 00:00:00|2018-04-06 00:00:00|12:00|16:00|Lu a Vi|5|Del 2 al 6 de abril de 2018|6||12|10||||283|9|
330|2018|2|s|2018-03-22 00:00:00|2018-05-03 00:00:00|10:00|14:00|Ju|6|22 de marzo, 5, 12, 19, 26 de abril y 3 de mayo de 2018|6||20|15||||348|6|
331|2018|2|s|2018-04-04 00:00:00|2018-05-02 00:00:00|11:30|14:30|Mi|5|4, 11, 18, 25 de abril y 2 de mayo de 2018|6||15|10||||349|6|
332|2018|2|s|2018-04-02 00:00:00|2018-04-11 00:00:00|16:00|20:00|Lu, Mi, Vi|5|2, 4, 6, 9 y 11 de abril de 2018|6||8|4||||480|3|
333|2018|2|s|2018-04-16 00:00:00|2018-04-30 00:00:00|16:00|20:00|Lu, Mi|5|16, 18, 23, 25 y 30 de abril de 2018|6||10|5||||481|3|
334|2018|2|s|2018-05-02 00:00:00|2018-05-16 00:00:00|10:00|14:00|Mi|3|2, 9 y 16 de mayo de 2018|6||18|7||||482|6|
335|2018|2|s|2018-04-12 00:00:00|2018-05-17 00:00:00|10:00|14:00|Ju|5|12, 19, 26 de abril, 3 y 17 de mayo 2018|6||20|15||||657|9|
336|2018|2|s|2018-04-05 00:00:00|2018-05-03 00:00:00|16:00|20:00|Ju|5|5, 12, 19, 26 de abril y 3 de mayo de 2018|6||16|10||||666|3|
337|2018|2|s|2018-04-03 00:00:00|2018-04-24 00:00:00|10:00|14:00|Ma|4|3, 10, 17 y 24 de abril de 2018|6||16|10||||668|6|
338|2019|1|i|2019-01-07 00:00:00|2019-01-11 00:00:00|10:00|14:00|lu a vi|5|7 al 11 de enero de 2019|6||16|8||||166|3|
339|2019|1|i|2019-01-14 00:00:00|2019-01-18 00:00:00|10:00|14:00|lu a vi|5|14 al 18 de enero de 2019|6||16|8||||167|3|
340|2019|1|i|2019-01-21 00:00:00|2019-01-25 00:00:00|16:00|20:00|lu a vi|5|21 al 25 de enero de 2019|6||16|8||||168|3|
341|2019|1|i|2019-01-07 00:00:00|2019-01-11 00:00:00|10:00|14:00|lu a vi|5|7 a 11 de enero de 2019|6||20|15||||354|9|
342|2019|1|i|2019-01-14 00:00:00|2019-01-18 00:00:00|16:00|20:00|lu a vi|0|14 a 18 de enero de 2019|6||20|15||||355|6|
343|2019|1|i|2019-01-21 00:00:00|2019-01-25 00:00:00|16:00|20:00|lu a vi|5|21 a 25 de enero de 2019|6||20|15||||356|6|
344|2019|1|i|2019-01-07 00:00:00|2019-01-11 00:00:00|16:00|20:00|lu a vi|5|7 al 11 de enero de 2019|6||16|6||||483|3|
345|2019|1|i|2019-01-14 00:00:00|2019-01-18 00:00:00|10:00|14:00|lu a vi|5|14 al 18 de enero de 2019|6||12|8||||489|47|
346|2019|1|i|2019-01-14 00:00:00|2019-01-18 00:00:00|10:00|12:00|lu a vi|0|14 al 18 de enero de 2019|6||15|8||||490|6|
347|2019|1|i|2019-01-14 00:00:00|2019-01-22 00:00:00|12:00|14:00|lu a vi|8|14 al 22 de enero de 2019|6||30|15||||516|9|
348|2019|1|i|2019-01-21 00:00:00|2019-01-25 00:00:00|10:00|14:00|lu a vi|5|21 al 25 de enero de 2019|6||20|10||||609|6|
349|2019|1|i|2019-01-07 00:00:00|2019-01-11 00:00:00|10:00|14:00|Lu a vi|0|7 al 11 de enero de 2019|6||20|10||||661|6|
350|2019|1|i|2019-01-21 00:00:00|2019-01-25 00:00:00|10:00|14:00|lu a vi|0|21 al 25 de enero de 2019|6||20|10||||672|35|
351|2019|1|i|2019-01-07 00:00:00|2019-01-18 00:00:00|08:00|10:00|lu avi|5|7 al 18 de enero de 2019|6||20|10||||673|6|
352|2019|1|s|2018-09-04 00:00:00|2018-09-25 00:00:00|08:00|12:00|ma|5|4, 11, 18 y 25 de septiembre de 2018|6||16|8||||163|3|
353|2019|1|s|2018-09-20 00:00:00|2018-10-25 00:00:00|16:00|19:00|Ju|6|20 y 27 de septiembre; 4, 11, 18 y 25 de octubre de 2018|6||16|8||||164|3|
354|2019|1|s|2018-08-31 00:00:00|2018-09-28 00:00:00|10:00|14:00|Vi|5|31 de agosto; 7, 14, 21, 28 de septiembre de 2018|6||16|8||||165|3|
355|2019|1|s|2018-09-28 00:00:00|2018-10-26 00:00:00|16:00|20:00|vi|8|28 de septiembre, 5, 12, 19 y 26  de octubre de 2018|6||20|10||||352|6|
356|2019|1|s|2018-09-27 00:00:00|2018-10-25 00:00:00|10:00|14:00||0|27 de septiembre, 4, 11, 18 y 25 de octubre de 2018|6||20|10||||353|9|
357|2019|1|s|2018-08-07 00:00:00|2018-08-21 00:00:00|08:00|12:00|ma y ju|5|7, 9, 14, 16 y 21 de agosto de 2018|6||16|13||||386|6|
358|2019|1|s|2018-08-23 00:00:00|2018-09-06 00:00:00|08:00|12:00|ma y ju|5|23, 28, 30 de agosto, 4 y 6 de septiembre de 2018|6||16|13||||389|6|
359|2019|1|s|2018-09-11 00:00:00|2018-08-25 00:00:00|08:00|14:00|ma y ju|5|11, 13, 18, 20 y 25 de septiembre de 2018|6||16|13||||391|6|
360|2019|1|s|2018-09-27 00:00:00|2018-10-11 00:00:00|08:00|12:00|ma y ju|5|27 de septiembre, 2, 4, 9 y 11 de octubre de 2018|6||16|13||||394|6|
361|2019|1|s|2018-10-16 00:00:00|2018-10-30 00:00:00|08:00|12:00|MA, JU|5|16, 18, 23, 25 y 30 de octubre de 2018|6||16|13||||397|6|
362|2019|1|s|2018-11-06 00:00:00|2018-11-20 00:00:00|08:00|12:00|MA,JU|5|6, 8, 13, 15 y 20 de noviembre de 2018|6||16|13||||400|6|
363|2019|1|s|2018-08-21 00:00:00|2018-09-06 00:00:00|16:00|20:00|ma y ju|6|21, 23, 28, 30 de agosto; 1 y 6 de septiembre de 2018|6||12|6||||486|3|
364|2019|1|s|2018-09-04 00:00:00|2018-09-18 00:00:00|16:00|20:00|Ma, Ju|5|4, 6, 11, 13 y 18 de septiembre de 2018|6||15|8||||487|9|
365|2019|1|s|2018-11-06 00:00:00|2018-12-06 00:00:00|16:00|19:00|Ma, Ju|10|6, 8, 13, 15, 20, 22, 27 y 29 de noviembre y 4 y 6 de diciembre de 2018|6||15|8||||488|9|
366|2019|1|s|2018-07-31 00:00:00|2018-08-14 00:00:00|16:00|20:00|ma y ju|5|31 de julio, 2, 7, 9 y 14 de agosto de 2018|6||20|10||||504|6|
367|2019|1|s|2018-08-16 00:00:00|2018-09-18 00:00:00|16:00|20:00|ma y ju|10|16, 21, 23, 28 y 30 de agosto, 4, 6,11, 13 y 18 de septiembre de 2018|6||20|10||||505|6|
368|2019|1|s|2018-09-20 00:00:00|2018-10-04 00:00:00|16:00|20:00|ma y ju|5|20, 25 y 27 de septiembre, 2 y 4 de octubre|6||20|10||||506|6|
369|2019|1|s|2018-10-09 00:00:00|2018-10-30 00:00:00|16:00|20:00|ma y ju|7|9, 11, 16, 18, 23, 25 y 30 de octubre|6||20|10||||507|6|
370|2019|1|s|2018-11-06 00:00:00|2018-11-13 00:00:00|16:00|20:00|ma y ju|3|6, 8 y 13 de noviembre de 2018|6||20|10||||508|6|
371|2019|1|s|2018-09-25 00:00:00|2018-09-25 00:00:00|12:00|13:30|ma|1|25 de septiembre de 2018|6||200|20||||531|1|
372|2019|1|s|2018-10-01 00:00:00|2018-10-05 00:00:00|10:00|14:00|lu mi vi|3|1, 3 y 5 de octubre de 2018|6||16|10||||653|6|
373|2019|1|s|2018-08-29 00:00:00|2018-09-26 00:00:00|10:00|14:00|mi|5|29 de agosto, 5, 12, 19, 26 de septiembre de 2018|6||20|15||||670|6|
374|2019|1|s|2018-10-03 00:00:00|2018-10-31 00:00:00|16:00|20:00|mi|5|3,10, 17, 24 y 31 de octubre de 2018|6||16|10||||671|3|
375|2019|2|i|2019-06-17 00:00:00|2019-06-21 00:00:00|10:00|13:00|lu a vi|5|17 al 21 de junio de 2019|6||16|8||||173|3|
376|2019|2|i|2019-06-25 00:00:00|2019-07-30 00:00:00|16:00|20:00|ma y ju|5|25 y 27 de junio; 23, 25 y 30 de julio de 2019|6||16|8||||174|3|
377|2019|2|i|2019-06-24 00:00:00|2019-06-28 00:00:00|09:00|13:00|lu a vi|5|Del 24 al 28 de junio de 2019|6||16|8||||175|3|
378|2019|2|i|2019-07-22 00:00:00|2019-07-29 00:00:00|10:00|14:00|lu a vi|6|22 al 29 de julio de 2019|6||20|15||||360|6|
379|2019|2|i|2019-06-24 00:00:00|2019-06-28 00:00:00|10:00|14:00|lu a vi|5|24 al 28 de junio de 2019|6||20|15||||361|6|
380|2019|2|i|2019-07-23 00:00:00|2019-07-25 00:00:00|16:00|20:00|ma, mi y ju|3|23, 24 y 25 de julio de 2019|6||15|10||||362|9|
381|2019|2|i|2019-06-10 00:00:00|2019-06-21 00:00:00|10:00|13:00|lu a vi|10|10 al 21 de junio de 2019|6||15|7||||493|9|
382|2019|2|i|2019-06-10 00:00:00|2019-06-13 00:00:00|09:00|13:00|lu y ju|3|6 y 10 al 13 de junio de 2019|6||15|8||||494|6|
383|2019|2|i|2019-06-17 00:00:00|2019-06-21 00:00:00|10:00|14:00|lu a vi|5|17 al 21 de junio de 2019|6||15|7||||495|23|
384|2019|2|i|2019-06-17 00:00:00|2019-06-21 00:00:00|10:00|14:00|lu a vi|5|17 al 21 de junio de 2019|6||12|6||||496|10|
385|2019|2|i|2019-06-24 00:00:00|2019-06-28 00:00:00|10:00|13:00|lu a vi|5|24 al 28 de junio de 2019|6||30|10||||497|17|
386|2019|2|i|2019-07-22 00:00:00|2019-07-30 00:00:00|12:00|14:00|lu a vi|7|del 22 al 30 de julio de 2019.|6||25|15||||517|9|
387|2019|2|i|2019-06-10 00:00:00|2019-06-14 00:00:00|16:00|20:00|lu a vi|5|10 al 14 de junio de 2019|6||20|15||||676|6|
388|2019|2|i|2019-06-17 00:00:00|2019-06-21 00:00:00|10:00|14:00|lu a vi|5|17 al 21 de junio de 2019|6||20|15||||677|6|
389|2019|2|i|2019-06-24 00:00:00|2019-06-28 00:00:00|10:00|14:00|lu a vi|5|24 al 28 de junio de 2019|6||20|15||||678|9|
390|2019|2|i|2019-07-22 00:00:00|2019-08-02 00:00:00|08:00|10:00|lu a vi|10|22 de julio al 2 de agosto de 2019|6||20|15||||679|6|
391|2019|2|i|2019-06-24 00:00:00|2019-06-26 00:00:00|10:00|14:00|lu y ma|2|24 y 26 de junio de 2019|6||25|15||||680|48|
392|2019|2|s|2019-03-05 00:00:00|2019-04-02 00:00:00|10:00|14:00|ma|5|5, 12, 19, 26 de marzo y 2 de abril de 2019|6||16|8||||169|3|
393|2019|2|s|2019-03-13 00:00:00|2019-04-10 00:00:00|10:00|12:00|mi|5|13, 20, 27 de marzo; 3 y 10 de abril de 2019|6||12|6||||170|3|
394|2019|2|s|2019-04-01 00:00:00|2019-05-06 00:00:00|10:00|14:00|lu|5|1, 8, 22, 29 de abril y 6 de mayo de 2019|6||16|8||||171|3|
395|2019|2|s|2019-03-29 00:00:00|2019-05-03 00:00:00|09:00|13:00|vi|5|29 de marzo; 5, 12, 26 de abril y 3 de mayo de 2019|6||16|8||||172|3|
396|2019|2|s|2019-03-28 00:00:00|2019-05-02 00:00:00|10:00|14:00|ju|5|28 de marzo; 4, 11, 25 de abril y 2 de mayo de 2019|6||20|15||||357|6|
397|2019|2|s|2019-03-29 00:00:00|2019-05-03 00:00:00|10:00|14:00|vi|5|29 de marzo; 5, 12, 26 de abril y 3 de mayo de 2019|6||20|15||||358|6|
398|2019|2|s|2019-04-08 00:00:00|2019-04-12 00:00:00|13:00|16:00|lu a vi|5|8 al 12 de abril de 2019|6||12|10||||359|9|
399|2019|2|s|2019-03-05 00:00:00|2019-04-09 00:00:00|16:00|19:00|ma|6|5, 12, 19, 26 de marzo; 2 y 9 de abril de 2019|6||16|6||||491|3|
400|2019|2|s|2019-03-20 00:00:00|2019-04-24 00:00:00|14:00|16:00|mi|0|20, 27 de marzo; 3, 10 y 24 de abril de 2019|6||16|6||||492|3|
401|2019|2|s|2019-04-04 00:00:00|2019-05-09 00:00:00|16:00|20:00|ju|5|4, 11 y 25 de abril; 2 y 9 de mayo de 2019|6||16|10||||674|3|
402|2019|2|s|2019-04-02 00:00:00|2019-05-07 00:00:00|10:00|14:00|ma|5|2, 9, 23, 30 de abril y 7 de mayo de 2019|6||20|15||||675|6|
403|2020|1|i|2020-01-06 00:00:00|2020-01-10 00:00:00|10:00|14:00|lun a vi|5|Del 6 al 10 de enero de 2020|6||16|8||||178|3|
404|2020|1|i|2020-01-13 00:00:00|2020-01-17 00:00:00|10:00|14:00|lun a vi|5|Del 13 al 17 de enero de 2020|6||16|8||||179|3|
405|2020|1|i|2020-01-20 00:00:00|2020-01-24 00:00:00|08:00|20:00|lun a vi|5|20 al 24 de enero de 2020|6||30|15||||180|37|
406|2020|1|i|2020-01-13 00:00:00|2020-01-17 00:00:00|10:00|14:00|lun a vi|5|13 al 17 de enero de 2020|6||20|15||||361|6|
407|2020|1|i|2020-01-06 00:00:00|2020-01-10 00:00:00|10:00|14:00|lun a vi|5|6 al 10 de enero de 2020|6||20|15||||365|6|
408|2020|1|i|2020-01-20 00:00:00|2020-01-24 00:00:00|10:00|14:00|lun a vi|5|20 al 24 de enero de 2020|6||20|15||||366|9|
409|2020|1|i|2020-01-13 00:00:00|2020-01-17 00:00:00|10:00|14:00|lun a vi|5|13 al 17 de enero de 2020|6||20|10||||499|26|
410|2020|1|i|2020-01-13 00:00:00|2020-01-17 00:00:00|16:00|20:00|lun a vi|5|Del 13 al 17 de enero de 2020|6||20|10||||500|6|
411|2020|1|i|2020-01-13 00:00:00|2020-01-21 00:00:00|12:00|14:00|lun a vi|7|Del 13 al 21 de enero de 2020|6||30|15||||519|27|
412|2020|1|i|2020-01-06 00:00:00|2020-01-10 00:00:00|16:00|20:00|lun a vi|5|6 al 10 de enero de 2020|6||16|10||||684|3|
413|2020|1|i|2020-01-13 00:00:00|2020-01-17 00:00:00|10:00|14:00|lun a vi|5|13 al 17  de enero de 2020|6||20|15||||685|9|
414|2020|1|i|2020-01-20 00:00:00|2020-01-24 00:00:00|10:00|14:00|lun a vi|5|20 al 24  de enero de 2020|6||20|15||||686|6|
415|2020|1|s|2019-08-30 00:00:00|2019-09-27 00:00:00|10:00|14:00|Vi|5|30 de agosto; 6, 13, 20 y 27 septiembre de 2019|6||16|8||||176|3|
416|2020|1|s|2019-10-03 00:00:00|2019-10-31 00:00:00|10:00|14:00|ju|5|3, 10, 17, 24 y 31 de octubre de 2019|6||16|8||||177|3|
417|2020|1|s|2019-09-20 00:00:00|2019-09-20 00:00:00|12:00|14:00|vi|1|20 de septiembre de 2019|6||150|15||||209|1|
418|2020|1|s|2019-09-10 00:00:00|2019-10-08 00:00:00|16:00|20:00|ma|5|10, 17, 24 de septiembre; 1 y 8 de octubre de 2019|6||15|10||||363|6|
419|2020|1|s|2019-10-04 00:00:00|2019-11-08 00:00:00|10:00|14:00|vi|5|4, 11, 18, 25 de octubre; 8 de noviembre de 2019|6||15|10||||364|6|
420|2020|1|s|2019-08-05 00:00:00|2019-08-19 00:00:00|08:00|12:00|lu y mi|5|5,7,12,14 y 19 de agosto de 2019|6||19|15||||387|6|
421|2020|1|s|2019-08-21 00:00:00|2019-09-04 00:00:00|08:00|12:00|lu y mi|5|21,26,28 de agosto; 2 y 4 de septiembre de 2019|6||19|15||||390|6|
422|2020|1|s|2019-09-09 00:00:00|2019-09-25 00:00:00|08:00|12:00|lu y mi|5|9,11,18,23 y 25 de septiembre de 2019|6||19|15||||392|6|
423|2020|1|s|2019-09-30 00:00:00|2019-10-14 00:00:00|08:00|12:00|lu y mi|0|30 de septiembre; 2, 7, 9 y 14 de octubre de 2019|6||19|15||||395|6|
424|2020|1|s|2019-10-16 00:00:00|2019-10-30 00:00:00|08:00|12:00|lu y mi|5|16,21,23,28 y 30 de octubre de 2019|6||19|15||||398|6|
425|2020|1|s|2019-11-04 00:00:00|2019-11-20 00:00:00|08:00|12:00|lu y mi|5|4, 6 ,11, 13 y 20 de noviembre de 2019|6||19|15||||401|6|
426|2020|1|s|2019-08-15 00:00:00|2019-08-29 00:00:00|10:00|14:00|ma y ju 15, 20, 22, 27 y 29 de agosto|5|15, 20, 22, 27 y 29 de agosto de 2019|6||16|8||||498|3|
427|2020|1|s|2019-09-04 00:00:00|2019-09-25 00:00:00|16:00|19:00|mi|4|4, 11, 18 y 25 de septiembre de 2019|6||16|8||||518|6|
428|2020|1|s|2019-10-03 00:00:00|2019-10-31 00:00:00|08:00|10:00|ju|5|3, 10, 17, 24 y 31 de octubre de 2019|6||16|8||||681|3|
429|2020|1|s|2019-09-17 00:00:00|2019-09-19 00:00:00|10:00|13:00|ma y ju|2|17 y 19 de septiembre de 2019|6||20|10||||682|6|
430|2020|1|s|2019-11-04 00:00:00|2019-11-08 00:00:00|16:00|20:00|lu, mi, vi|3|4, 6 y 8 de noviembre de 2019|6||20|15||||683|6|
431|2020|2|i|2020-03-03 00:00:00|2020-09-03 00:00:00|10:00|14:00|ma|0|3 y 10 de marzo; 27 de agosto; 1 y 3 de septiembre de 2020|6||16|8||||184|4|
432|2020|2|i|2020-03-05 00:00:00|2020-07-31 00:00:00|10:00|14:00|ju|5|5 y 12 de marzo; 29, 30 y 31 de julio de 2020|6||16|8||||185|4|
433|2020|2|i|2020-08-28 00:00:00|2020-09-18 00:00:00|09:00|13:00|ma y vi|5|28 de agosto; 1, 4, 8, 11 y 18 de septiembre de 2020.|6||16|8||||186|37|
434|2020|2|i|2020-08-24 00:00:00|2020-09-07 00:00:00|10:00|14:00|lu, mi|5|24, 26 y 31 de agosto; 2 y 7 de septiembre de 2020|6||20|15||||369|31|
435|2020|2|i|2020-08-25 00:00:00|2020-09-08 00:00:00|10:00|14:00|ma, ju|5|25 y 27 de agosto; 1, 3 y 8 de  septiembre de 2020|6||15|12||||370|31|
436|2020|2|i|2020-08-25 00:00:00|2020-09-08 00:00:00|16:00|20:00|ma, ju|5|25 y 27 de agosto; 1, 3 y 8 de septiembre de 2020|6||15|12||||371|31|
437|2020|2|i|2020-09-11 00:00:00|2020-09-12 00:00:00|17:00|19:00|vi|1|viernes 11 de septiembre de 2020|6||30|15||||413|31|
438|2020|2|i|2020-09-18 00:00:00|2020-09-19 00:00:00|17:00|19:00|vi|1|viernes 18 de septiembre de 2020|6||30|15||||414|31|
439|2020|2|i|2020-09-25 00:00:00|2020-09-25 00:00:00|17:00|19:00|vi|1|25 de septiembre de 2020|6||30|15||||415|31|
440|2020|2|i|2020-10-02 00:00:00|2020-10-02 00:00:00|17:00|19:00|vi|1|2 de octubre de 2020|6||30|15||||416|31|
441|2020|2|i|2020-10-09 00:00:00|2020-10-09 00:00:00|17:00|19:00|vi|1|9 de octubre de 2020|6||30|15||||417|31|
442|2020|2|i|2020-08-25 00:00:00|2020-08-28 00:00:00|16:00|19:00|ma, mi,ju, vi|4|25 al 28 de agosto de 2020|6||30|15||||509|54|
443|2020|2|i|2020-08-27 00:00:00|2020-09-11 00:00:00|08:00|07:59|ju lu mi|7|27 y 31 de agosto, 2, 4, 7, 9 y 11 de septiembre de 2020|6||20|10||||688|37|
444|2020|2|i|2020-08-28 00:00:00|2020-09-10 00:00:00|10:00|14:00|vi ma ju|5|28 de agosto, 1,3, 8, 10 de septiembre de 2020|6||15|10||||689|31|
445|2020|2|i|2020-08-31 00:00:00|2020-09-11 00:00:00|11:00|13:00|lu mi vi|0|31 de agosto, 1, 3, 7, 9 y 11 de septiembre de 2020|6||20|10||||690|38|
446|2020|2|s|2020-03-03 00:00:00|2020-03-31 00:00:00|10:00|14:00|mar|5|3 y 10 de marzo; 27 de agosto; 1 y 3 de septiembre de 2020|6||16|8||||181|3|
447|2020|2|s|2020-03-05 00:00:00|2020-04-02 00:00:00|10:00|14:00|ju|5|5, 12, 19, 26 de marzo y 2 de abril de 2020|6||16|8||||182|3|
448|2020|2|s|2020-03-05 00:00:00|2020-04-02 00:00:00|10:00|14:00|ju|5|5 y 12 de marzo; 29, 30 y 31  de julio de 2020|6||16|8||||183|3|
449|2020|2|s|2020-02-11 00:00:00|2020-02-20 00:00:00|16:00|20:00|ma y ju|4|11, 13, 18 y 20 de febrero de 2020|6||16|8||||198|3|
450|2020|2|s|2020-02-25 00:00:00|2020-03-17 00:00:00|16:00|20:00|ma y ju|7|25 y 27 de febrero; 3, 5, 10, 12 y 17 de marzo de 2020|6||16|11||||199|3|
451|2020|2|s|2020-03-26 00:00:00|2020-04-21 00:00:00|16:00|20:00|ma y ju|6|26 y 31 de marzo; 2, 14, 16 y 21  de abril de 2020|6||16|11||||200|30|
452|2020|2|s|2020-04-16 00:00:00|2020-05-12 00:00:00|16:00|20:00|ma y ju|8|16, 21, 23, 28 y 30 de abril; 5, 7 y 12 de mayo de 2020|6||16|11||||201|37|
453|2020|2|s|2020-05-14 00:00:00|2020-05-26 00:00:00|16:00|20:00|ma y ju|4|14, 19, 21 y 26 de mayo de 2020|6||16|11||||202|3|
454|2020|2|s|2020-05-28 00:00:00|2020-06-09 00:00:00|16:00|20:00|ma y ju|4|28 de mayo; 2, 4 y 9 de junio de 2020|6||16|11||||203|3|
455|2020|2|s|2020-03-25 00:00:00|2020-04-29 00:00:00|10:00|14:00|mi|5|25 de marzo; 1, 15, 22 y 29 de abril de 2020|6||15|10||||367|6|
456|2020|2|s|2020-03-27 00:00:00|2020-05-08 00:00:00|10:00|14:00|vi|5|27 de marzo; 3, 17, 24 de abril y 8 de mayo de 2020|6||15|10||||368|6|
457|2020|2|s|2020-09-11 00:00:00|2020-09-11 00:00:00|17:00|19:00|vi|1|11 de septiembre|6||30|15||||413|30|
458|2020|2|s|2020-09-18 00:00:00|2020-09-18 00:00:00|17:00|19:00|vi|1|18 de septiembre de 2020|6||30|15||||414|31|
459|2020|2|s|2020-03-04 00:00:00|2020-04-01 00:00:00|16:00|19:00|mi|5|4, 11, 18, 25 de marzo y 1 de abril de 2020|6||20|10||||520|6|
460|2020|2|s|2020-04-15 00:00:00|2020-05-13 00:00:00|16:00|19:00|mi|5|15, 22, 29 de abril; 6 y 13 de mayo de 2020|6||20|10||||521|6|
461|2020|2|s|2020-05-04 00:00:00|2020-05-08 00:00:00|10:00|14:00|lun, mi, vi|3|4, 6 y 8 de mayo de 2020|6||20|15||||653|6|
462|2020|2|s|2020-04-15 00:00:00|2020-05-13 00:00:00|15:00|17:00|mi|5|15, 22, 29 de abril y 13 de mayo de 2020|6||16|8||||687|3|
463|2021|1|s|2020-11-23 00:00:00|2020-12-09 00:00:00|10:00|12:00|lu mi|0|23, 25, 30 de noviembre; 2, 7, 9 de diciembre de 2020|6||20|10||||187|53|
464|2021|1|s|2020-11-23 00:00:00|2020-12-11 00:00:00|17:00|19:00|lu|0|23, 30 de noviembre; 7 de diciembre de 2020;  4 y 11 de enero de 2021|6||20|10||||188|53|
465|2021|1|s|2020-11-25 00:00:00|2020-11-30 00:00:00|17:00|18:00|lu mi vi|0|25, 27 y 30 de noviembre de 2020|6||20|10||||189|53|
466|2021|1|s|2020-11-26 00:00:00|2021-01-14 00:00:00|09:00|11:00|ju|5|Del 26 de noviembre de 2020 al 14 de enero de 2021|6||20|10||||190|55|
467|2021|1|s|2020-11-30 00:00:00|2021-02-08 00:00:00|08:00|11:00|lu|7|Del 30 de noviembre de 2020 al 8 de febrero de 2021|6||20|0||||191|55|
468|2021|1|s|2020-09-28 00:00:00|2020-10-16 00:00:00|08:00|20:00|lu|0|Del 28 de septiembre al 16 de octubre de 2020|6||15|7||||201|37|
469|2021|1|s|2020-10-26 00:00:00|2020-11-06 00:00:00|16:00|18:00|lu a vi|0|Del 26 de octubre al 6 de noviembre de 2020|6||9|7||||202|55|
470|2021|1|s|2020-11-17 00:00:00|2020-11-27 00:00:00|16:00|20:00|lu vi|5|Del 17 al 27 de noviembre de 2020|6||9|7||||203|55|
471|2021|1|s|2021-01-06 00:00:00|2021-01-20 00:00:00|10:00|14:00|mi y vi|5|6, 8, 13, 15 y 20 de enero de 2021|6||20|12||||372|53|
472|2021|1|s|2021-01-11 00:00:00|2021-01-25 00:00:00|12:00|14:00|lu y mi|5|11, 13, 18, 20 y 25 de enero de 2021|6||15|10||||373|31|
473|2021|1|s|2021-01-12 00:00:00|2021-01-26 00:00:00|11:00|13:00|ma y ju|5|12, 14,19, 21 y 26 de enero de 2021|6||15|10||||374|31|
474|2021|1|s|2021-01-12 00:00:00|2021-01-26 00:00:00|16:00|20:00|ma y ju|5|12, 14, 19, 21 y 26 de enero de 2021|6||20|12||||375|31|
475|2021|1|s|2021-01-13 00:00:00|2021-01-27 00:00:00|16:00|20:00|mi y vi|5|13, 15. 20, 22, 27 de enero de 2021|6||20|12||||376|53|
476|2021|1|s|2020-11-03 00:00:00|2020-11-10 00:00:00|17:00|19:00|ma|2|3 y 10 de noviembre de 2020|6||20|10||||501|32|
477|2021|1|s|2021-01-12 00:00:00|2021-01-26 00:00:00|17:00|19:00|ma|3|12, 19 y 26 de enero de 2021|6||20|10||||502|32|
478|2021|1|s|2020-11-13 00:00:00|2020-11-27 00:00:00|17:00|19:00|vi|5|13, 20 y 27 de noviembre de 2020|6||16|8||||510|32|
479|2021|1|s|2021-01-06 00:00:00|2021-01-20 00:00:00|17:00|19:00|mi|3|6, 13 y 20 de enero de 2021|6||20|10||||522|32|
480|2021|1|s|2021-01-07 00:00:00|2021-01-28 00:00:00|17:00|19:00|ju|4|7, 14, 21 y 28 de enero de 2021|6||20|10||||523|33|
481|2021|1|s|2020-11-23 00:00:00|2020-12-07 00:00:00|17:00|19:00|lu mi y vi|7|23, 25, 27, 30 de noviembre; 2, 4 y 7 de diciembre de 2020|6||20|10||||691|55|
482|2021|1|s|2020-12-03 00:00:00|2020-12-10 00:00:00|12:00|14:00|may ju|3|3, 8 y 10 de diciembre de 2020|6||14|10||||692|55|
483|2021|1|s|2021-01-07 00:00:00|2021-01-21 00:00:00|10:00|12:00|ma y ju|5|7, 12, 14, 19 y 21 de enero de 2020|6||20|12||||693|55|
484|2021|1|s|2021-01-08 00:00:00|2021-01-22 00:00:00|12:00|14:00|vi|3|8, 15 y 22 de enero de 2021|6||12|8||||694|55|
485|2021|1|s|2021-01-11 00:00:00|2021-01-15 00:00:00|10:00|12:00|lu a vi|5|11 al 15 de enero de 2021|6||15|10||||695|53|
486|2021|2|i|2021-07-26 00:00:00|2021-08-06 00:00:00|09:00|13:00|Lu, Mi, Vi|6|26, 28, 30 de julio; 2, 4 y 6 de agosto de 2021|6||25|20||||193|53|
487|2021|2|i|2021-07-26 00:00:00|2021-08-06 00:00:00|10:00|14:00|Lu, Mi, Vi|6|26, 28, 30 de julio; 2, 4 y 6 de agosto de 2021|6||25|20||||194|53|
488|2021|2|i|2021-06-28 00:00:00|2021-08-02 00:00:00|10:00|14:00|Lu, Mi|5|28, 30 de junio; 26, 28 de julio y 2 de agosto de 2021|6||25|20||||378|31|
489|2021|2|i|2021-06-29 00:00:00|2021-08-03 00:00:00|16:00|20:00|Ma, Ju|5|29 de junio; 1, 27, 29 de julio y 3 de agosto de 2021|6||25|20||||379|53|
490|2021|2|i|2021-07-26 00:00:00|2021-07-30 00:00:00|10:00|14:00|lu a vi|5|Del 26 al 30 de julio de 2021|6||30|20||||380|53|
491|2021|2|i|2021-06-28 00:00:00|2021-07-02 00:00:00|17:00|19:00|Lu, Ma, Mi, Ju, Vi|5|Del 28 de junio al 2 de julio de 2021|6||25|12||||524|31|
492|2021|2|i|2021-07-26 00:00:00|2021-07-30 00:00:00|17:00|19:00|Lu, Ma, Mi, Ju,Vi|5|Del 26 al 30 de julio de 2021|6||25|12||||525|31|
493|2021|2|i|2021-06-28 00:00:00|2021-07-02 00:00:00|11:00|14:00|Lu, Ma, Mi, Ju, Vi|5|Del 28 de junio al 2 de julio de 2021|6||25|15||||697|53|
494|2021|2|i|2021-07-27 00:00:00|2021-08-06 00:00:00|16:00|20:00|Lu, Ma, Mi, Ju, Vi|5|27 y 29 de julio; 2, 4 y 6 de agosto de 2021|6||25|20||||698|55|
495|2021|2|s|2021-04-08 00:00:00|2021-05-06 00:00:00|16:00|20:00|ju|5|8, 15, 22, 29 de abril y 6 de mayo de 2021|6||25|20||||192|57|
496|2021|2|s|2021-04-05 00:00:00|2021-04-19 00:00:00|10:00|14:00|lu y mi|5|5, 7, 12, 14 y 19 de abril de 2021|6||25|20||||377|31|
497|2021|2|s|2021-04-08 00:00:00|2021-05-06 00:00:00|11:00|15:00|ju|5|8, 15, 22, 29 de abril y 6 de mayo de 2021|6||25|12||||696|55|
498|2022|1|i|2022-01-03 00:00:00|2022-01-05 00:00:00|12:00|18:00|Lu Mi|2|Del 3 hasta el 10 de enero|6||20|10||||21|53|
499|2022|1|i|2022-01-17 00:00:00|2022-01-21 00:00:00|12:00|17:00|Lu Mi Vi|3|Del 17 al 21 de enero de 2022|6||20|1||||41|53|
500|2022|1|i|2022-01-03 00:00:00|2022-01-07 00:00:00|12:00|17:00|Lu Mi Vi|3|Del 3 al 7 de enero de 2022|6||20|1||||128|53|
501|2022|1|s|2021-08-25 00:00:00|2021-09-10 00:00:00|16:00|20:00|mi y vi|6|25 y 27 de agosto; 1, 3, 8 y 10 de septiembre de 2021.|6||25|20||||195|53|
502|2022|1|s|2021-10-08 00:00:00|2021-10-29 00:00:00|16:00|20:00|vi|4|8, 15, 22 y 29 de octubre de 2021|6||20|12||||196|53|
503|2022|1|s|2021-08-23 00:00:00|2021-09-08 00:00:00|16:00|20:00|lu y mi|6|23, 25 y 30 de agosto, y 1, 6 y 8 de septiembre de 2021.|6||30|20||||381|53|
504|2022|1|s|2021-08-24 00:00:00|2021-09-09 00:00:00|10:00|14:00|ma y ju|6|24, 26 y 31 de agosto y 2, 7 y 9 de septiembre de 2021.|6||25|20||||382|53|
505|2022|1|s|2021-09-27 00:00:00|2021-10-11 00:00:00|17:00|19:00|lu  y mi|5|27 y 29 septiembre; 4, 6 y 11 de octubre de 2021|6||20|12||||383|53|
506|2022|1|s|2021-10-01 00:00:00|2021-10-29 00:00:00|17:00|19:00|vi|5|Viernes 1, 8, 15, 22 y 29 de octubre de 2021|6||25|12||||526|32|
507|2022|1|s|2021-10-27 00:00:00|2021-11-24 00:00:00|17:00|19:00|mi|5|Miércoles 27 de octubre y 3, 10,17 y 24 de noviembre de 2021|6||25|12||||527|32|
508|2022|1|s|2021-08-31 00:00:00|2021-09-14 00:00:00|10:00|14:00|ma y ju|5|31 de agosto, 2, 7, 9 y 14 de septiembre de 2021.|6||25|20||||699|53|
509|2022|1|s|2021-11-04 00:00:00|2021-11-25 00:00:00|17:00|19:00|ju|4|4, 11, 18 y 25 de noviembre de 2021|6||17|12||||700|56|
